捷運站,商家ID,商家名稱
象山,ChIJpzAkec2rQjQRLYceVmNNtq4,默爾 pasta pizza(台北信義威秀店)
象山,ChIJLSJ12dmrQjQRAIx6EqF9St0,長田本庄軒 信義A11店 日式炒麵餐廳
象山,ChIJ661GYMarQjQRcXSYbzi-wKM,林記海南雞飯(微風南山店)微風南山美食
象山,ChIJ_Y4vZzKrQjQRcqCqvdGszQQ,Lun Lun1976
象山,ChIJjx38tnarQjQRE1NrGjAlO8s,Baan Phadthai SKM A8 Branch
象山,ChIJ4Qky6surQjQRyBWKG9Pk3lA,義饗屋 di CaSa 台北信義遠百店
象山,ChIJ2xs9KI2rQjQRcXbyWRJovZ0,開丼台北101店
象山,ChIJCTtPAMqrQjQRWDyMo6EeGyU,新高軒信義店(A11-B2)
象山,ChIJoeKGFEarQjQRoJvdTA0KMv4,八色烤肉mini 台北101店
象山,ChIJAT-u5hKrQjQRB0Ku5D6r79g,Saffron 46
象山,ChIJMxoKdLqrQjQRiFDQr8nIhug,Miacucina信義店
象山,ChIJwcknyLSrQjQRqR0rMdOlMuo,雞優穀養生藥膳-吳興店-信義區美食 信義區小吃 信義區煲湯 信義區麻油雞 吳興街美食
象山,ChIJfY_HnrCrQjQRxus0Ujf7Q24,GB Brewery Restaurant – Taipei HsinYi Store
象山,ChIJOWDQLW-rQjQROQe4GcN8Vcs,Tino's Pizza
象山,ChIJW7zxN_CrQjQROfXSQCtaioo,Chung Ching Shrimp Rice
象山,ChIJdxlIf6mrQjQR2ejSgmHIolY,全養知 異國蔬食 莊敬店
象山,ChIJL9mB6rWrQjQR356F_UzkvIA,青丘苑(新光三越信義A8店）
象山,ChIJ____27arQjQR4QNFmVDSQdg,Indian Palace
象山,ChIJQwNtGbirQjQReBH_WjMsDeY,飛機河粉 台北101店
象山,ChIJW8UfsbCrQjQRoRrXeqzVk5g,Xindian Hotpot
台北101/世貿,ChIJpzAkec2rQjQRLYceVmNNtq4,默爾 pasta pizza(台北信義威秀店)
台北101/世貿,ChIJLSJ12dmrQjQRAIx6EqF9St0,長田本庄軒 信義A11店 日式炒麵餐廳
台北101/世貿,ChIJ661GYMarQjQRcXSYbzi-wKM,林記海南雞飯(微風南山店)微風南山美食
台北101/世貿,ChIJmd3w156pQjQRlvHLwCofsW4,布夫 歐式私房菜 La Bonne Bouffe 瑞士起司專門店
台北101/世貿,ChIJt1iua7arQjQRg9pQ264yhT4,Y Dinh Am Thuc Viet Nam
台北101/世貿,ChIJjx38tnarQjQRE1NrGjAlO8s,Baan Phadthai SKM A8 Branch
台北101/世貿,ChIJ_Y4vZzKrQjQRcqCqvdGszQQ,Lun Lun1976
台北101/世貿,ChIJ4Qky6surQjQRyBWKG9Pk3lA,義饗屋 di CaSa 台北信義遠百店
台北101/世貿,ChIJQYTsMPGrQjQRwoI0aGXxi_s,KitchenNow - 信義通化店
台北101/世貿,ChIJ2xs9KI2rQjQRcXbyWRJovZ0,開丼台北101店
台北101/世貿,ChIJCTtPAMqrQjQRWDyMo6EeGyU,新高軒信義店(A11-B2)
台北101/世貿,ChIJL0fVtmqpQjQRo8QGpDZqh1g,智勝鮮食
台北101/世貿,ChIJoeKGFEarQjQRoJvdTA0KMv4,八色烤肉mini 台北101店
台北101/世貿,ChIJMxoKdLqrQjQRiFDQr8nIhug,Miacucina信義店
台北101/世貿,ChIJechyXk6rQjQRvcivE2lYj6A,波 WAVE 鷹嘴豆泥屋專門店
台北101/世貿,ChIJfY_HnrCrQjQRxus0Ujf7Q24,GB Brewery Restaurant – Taipei HsinYi Store
台北101/世貿,ChIJXVRz3LmrQjQRKegWh0b_Z1E,喜憨兒ENJOY 臺北餐廳
台北101/世貿,ChIJW7zxN_CrQjQROfXSQCtaioo,Chung Ching Shrimp Rice
台北101/世貿,ChIJL9mB6rWrQjQR356F_UzkvIA,青丘苑(新光三越信義A8店）
台北101/世貿,ChIJ8_AaqbWrQjQRwHkVRy_4tY8,得月居
信義安和,ChIJV_RfoperQjQRit9_MVtVUps,不二煮藝
信義安和,ChIJ5ZhRj8yrQjQRrIZ7NwlWq4w,Burger & Co.
信義安和,ChIJmd3w156pQjQRlvHLwCofsW4,布夫 歐式私房菜 La Bonne Bouffe 瑞士起司專門店
信義安和,ChIJceNHlsyrQjQRu-Wl3X5Brv0,Golden Delight Taiwanese Snacks
信義安和,ChIJnbgvcaOrQjQRpSvuuYTmDTY,La Famiglia 羅馬餐館
信義安和,ChIJj7aFBLmrQjQRRJs6JmGETF4,Long Long Xianggang Dim Sum Restaurant
信義安和,ChIJeauYAfKrQjQRN9q5ZO1xBTo,饗樂餐廳 Feast &Fun
信義安和,ChIJbzoD2c2rQjQRlY1xUnGfYIE,Le Partage 樂享小法廚
信義安和,ChIJMzKckEqrQjQR1-IX9NQo520,海牧水產鍋物(台北通化店)｜大安美食｜頂級和牛｜聚餐｜平價火鍋推薦(海鮮 活蝦 麻辣 鴛鴦 涮刷鍋)
信義安和,ChIJSXaP9farQjQRcy4uXZB5u90,LAY BACK
信義安和,ChIJ5UrvgM6rQjQRlynUeB9o2_Y,Daddy Du Restaurant
信義安和,ChIJH50TLL2rQjQR4oEOSQtsLO8,美術系壽司-台北大安店
信義安和,ChIJs_B6K8mrQjQR1h4-l31p6vc,感丼日式丼飯-大安推薦丼飯|日式餐廳|熱門餐廳|必吃美食|在地推薦餐廳|必吃日本料理
信義安和,ChIJe6fxtbarQjQRQmZCfdsz5GM,洞天 粵式煲湯獨享鍋
信義安和,ChIJly19jbyrQjQRBN17akR0XKo,Goodies Cuisine
信義安和,ChIJechyXk6rQjQRvcivE2lYj6A,波 WAVE 鷹嘴豆泥屋專門店
信義安和,ChIJhatyocirQjQRTLa-yWIdDng,初炸小食店
信義安和,ChIJ_YUutfirQjQRuKAcXi0fqAU,MASA Tongan Store
信義安和,ChIJCeTCh8yrQjQR8_SDjBFICvY,Pingtom Spicy Hot Pot at Xinyi Anhe Station
信義安和,ChIJASafGMarQjQRtDMLDBSxPL4,Toast Chat
大安,ChIJV_RfoperQjQRit9_MVtVUps,不二煮藝
大安,ChIJqcZzsiGrQjQRO8Ou79kn06s,Nongcui Curry & Puff
大安,ChIJC__DU9KrQjQR3iQYdYuTS9c,光司 DATE 二店
大安,ChIJyZKvmiuqQjQR2RPTk1xQsLA,賈福廚房 JFULL
大安,ChIJeauYAfKrQjQRN9q5ZO1xBTo,饗樂餐廳 Feast &Fun
大安,ChIJh-ZpGCqqQjQREBZ6iOoC-Wg,Coffee Naps 蓁澄咖啡手作坊
大安,ChIJpc2J6tGrQjQRGATwJFdQbqA,咪咪小館
大安,ChIJbzoD2c2rQjQRlY1xUnGfYIE,Le Partage 樂享小法廚
大安,ChIJI71_lI2rQjQRrSioo980a-I,樂漢堡美式餐廳（台北大安店）
大安,ChIJly19jbyrQjQRBN17akR0XKo,Goodies Cuisine
大安,ChIJe6fxtbarQjQRQmZCfdsz5GM,洞天 粵式煲湯獨享鍋
大安,ChIJiVtnBFSrQjQRmzgs7uLjqio,良記十三香
大安森林公園,ChIJycE7ppGpQjQRoxr2WRerTm0,春稻生活館＆搭伙伴簡餐
大安森林公園,ChIJ8eWRPYKpQjQRuXQ3tGY9wKo,Focus Kitchen
大安森林公園,ChIJyZKvmiuqQjQR2RPTk1xQsLA,賈福廚房 JFULL
大安森林公園,ChIJbTKSE4KpQjQRXDZZI57v-pM,Din Tai Fung Xinyi Branch - TAKEOUT ONLY
大安森林公園,ChIJLU89EYKpQjQRoPkxb7kg0Aw,TOASTERiA CAFE
大安森林公園,ChIJEwcHsompQjQR3ugzIiiF4Ro,樂麵屋 永康公園店
大安森林公園,ChIJh-ZpGCqqQjQREBZ6iOoC-Wg,Coffee Naps 蓁澄咖啡手作坊
大安森林公園,ChIJ9Y1eI4KpQjQRO9xqg1e_1oA,petit doux cafe
大安森林公園,ChIJPXI-Hk2pQjQRI_SAfW2WACk,Angel 5 Pizzeria
大安森林公園,ChIJ2c7OvYOpQjQR0gsYO_lmsKw,Hao Kung Tao Chin Chi Yuan (Da'an)
大安森林公園,ChIJG65ZZISpQjQR7BMW90XtB14,Bea's Bistro 美式餐館
大安森林公園,ChIJVU6GUYyrQjQRB2YO6yBe9rU,兔Dreams
大安森林公園,ChIJ8fkIRYKpQjQR558305t-wZQ,Oma Ursel's German Bakery
大安森林公園,ChIJHTGrTIKpQjQRwNY8lMqwFiY,人从众厚切牛排(台北永康店)
大安森林公園,ChIJlQR1XdWrQjQRcANSqsWZixo,Happy Young House
大安森林公園,ChIJiVtnBFSrQjQRmzgs7uLjqio,良記十三香
東門,ChIJNWrvI6qpQjQR9LO6NrSqTUk,Papa Rice 好食燉飯 永康店
東門,ChIJlSAfC4KpQjQRPK_o-n52sn0,Gusto Pizza
東門,ChIJycE7ppGpQjQRoxr2WRerTm0,春稻生活館＆搭伙伴簡餐
東門,ChIJ8eWRPYKpQjQRuXQ3tGY9wKo,Focus Kitchen
東門,ChIJr1zL6w6pQjQR7vQtUE63e14,季然食事
東門,ChIJaSZ-CpupQjQRaqvVbaJ4FaM,Mr.Tree
東門,ChIJbTKSE4KpQjQRXDZZI57v-pM,Din Tai Fung Xinyi Branch - TAKEOUT ONLY
東門,ChIJEwcHsompQjQR3ugzIiiF4Ro,樂麵屋 永康公園店
東門,ChIJLU89EYKpQjQRoPkxb7kg0Aw,TOASTERiA CAFE
東門,ChIJ9Y1eI4KpQjQRO9xqg1e_1oA,petit doux cafe
東門,ChIJA-U6X-epQjQR-T9BLmEfUlc,Din Tai Fung Xinsheng Branch
東門,ChIJPXI-Hk2pQjQRI_SAfW2WACk,Angel 5 Pizzeria
東門,ChIJ2c7OvYOpQjQR0gsYO_lmsKw,Hao Kung Tao Chin Chi Yuan (Da'an)
東門,ChIJG65ZZISpQjQR7BMW90XtB14,Bea's Bistro 美式餐館
東門,ChIJXRjJzCyqQjQR8wBF9jI4s_g,貳房苑 Livingreen
東門,ChIJq6qqqoOpQjQR7LTF5aLFFdQ,Jengji Nanjing Roast Duck
東門,ChIJm_KFRLSrQjQRjByp2hzSidA,深深 永康制作所（打烊時間視疲勞程度而定，建議先打電話確認）
東門,ChIJ8fkIRYKpQjQR558305t-wZQ,Oma Ursel's German Bakery
東門,ChIJVU6GUYyrQjQRB2YO6yBe9rU,兔Dreams
東門,ChIJ7avhlkSpQjQRPKCtBJu1ynw,豆豆里 DODOLI（永康旗艦店）
中正紀念堂,ChIJ_bgSOA6pQjQR_Xc9zeUT7Dk,由紀
中正紀念堂,ChIJ59oeOYKpQjQR5Ij5J7lFVms,28廣東粥鍋燒麵
中正紀念堂,ChIJY9YBLkWpQjQRcH6AWuKJbx0,麵匡匡拉麵食堂 台北南海店
中正紀念堂,ChIJ6Yzoy5ipQjQRUUVVRbNf8_c,Laoxiong beef noodle shop
中正紀念堂,ChIJ7yZJSMCpQjQRhN5QJwt23iM,廚一家鮑汁燜雞米飯-台北南昌店-中正辣味美食|中式餐廳|道地美食|必吃異國料理|在地推薦餐廳|外帶美食|南昌路美食/便當
中正紀念堂,ChIJBfLFBaCpQjQRyVCgnDSsUGg,樂天羊肉
中正紀念堂,ChIJk1fboZmpQjQR_sb0-SnNvrg,Gen. Sun Li-Jen Residence (Army Association)
中正紀念堂,ChIJuyRD4AWpQjQROxmxrPpVC5s,bb.q CHICKEN南昌聯合店
中正紀念堂,ChIJDaPMVPWpQjQRRnSIIHKXYMc,小木斑馬 Brunch & coffee
中正紀念堂,ChIJYwOuFpmpQjQRmtmMKf5ma28,上官木桶鍋-中正店
中正紀念堂,ChIJMSYtWlCpQjQRXyCnFJvgV68,THE CAFÉ BY 想 國家戲劇院 咖啡 美食
中正紀念堂,ChIJaSZ-CpupQjQRaqvVbaJ4FaM,Mr.Tree
中正紀念堂,ChIJM0d775upQjQRXYOC1-8B1Cw,elsewhere cafe
中正紀念堂,ChIJn_WOrZupQjQRUrgl4WQhVzk,傅壹馨館
中正紀念堂,ChIJexBoclapQjQRxTdFSyCF9dc,YOUR HOME KITCHEN BOXED MEAL
中正紀念堂,ChIJcQJkj9SpQjQRA4hU5g6P378,南門市場-史料味極
中正紀念堂,ChIJa41RXJmpQjQRoGr-Jn66NZI,SanHuaiTang Cheesecake & Coffee
中正紀念堂,ChIJEfbv-a2pQjQRbacAlOxrcr0,瓜瓜樂田園美食餐坊
中正紀念堂,ChIJFw_qYJipQjQRUUdaeJFaxNk,萬香烤鴨莊 重慶店
中正紀念堂,ChIJae_euL-pQjQRTme0_eZA7ro,1915荷造り場
台大醫院,ChIJeywZ-HKpQjQRz5CMVpOXpGo,Katsuya Hoyii Taipei Station Restaurant
台大醫院,ChIJMUqmM3OpQjQRTKkB0Ue1hHA,Tutto Fresco翡冷翠義式餐廳
台大醫院,ChIJVcwMFXOpQjQRelOcZB9nU9U,Katsuya Guanqian Restaurant
台大醫院,ChIJB1zfBHOpQjQRK_VOkhbLKPw,鑫耀鑫
台大醫院,ChIJaZLaI4qpQjQRPYj_6O_ehbI,Q Five 多元義式餐廳
台大醫院,ChIJsVV-ScupQjQR8dFJslXaE_E,就愛吃小館
台大醫院,ChIJWYzYBjepQjQRw54c1SAc_kA,星島海南雞（懷寧店）台北車站美食 北車美食 中正區美食
台大醫院,ChIJMSYtWlCpQjQRXyCnFJvgV68,THE CAFÉ BY 想 國家戲劇院 咖啡 美食
台大醫院,ChIJVVVVVRWsQjQRtQGRwRO0r_g,Apricot Garden
台大醫院,ChIJm-QuVXCpQjQR-3ze0o0Fivw,Nola Kitchen Taipei Linsen Store
台大醫院,ChIJbS_YRf-pQjQRlY3RrkOi-CA,Watami Taipei Station Branch
台大醫院,ChIJO63sFXOpQjQRFM9rOIgVQSQ,瓦法奇朵（W.麻辣BAR）放感情 | 台北中正麻辣火鍋 四川菜 精緻鍋物 火鍋推薦 團體聚餐包場
台大醫院,ChIJf5v0NASpQjQRRjn3OpiJZM4,強記雞肉飯
台大醫院,ChIJkWqNHZ6pQjQRfVMeVYXbaOg,Allegro
台大醫院,ChIJz_UT0p-pQjQRrpA4MLmPo-A,詩篇咖啡餐廳Psalms Cafe & Restaurant
台大醫院,ChIJk0uU_XKpQjQRtLULt5DMK6c,Royal Host Taipei Main Station
台大醫院,ChIJneUTn3KpQjQR8_eBLgiNFMU,Second Floor Cafe Breeze Taipei Station
台大醫院,ChIJ2W0BN-irQjQRBeSVGcSkFpA,拉圖爾精釀柴燒餐廳 La Tour Craft Beer & Wood Grill
台大醫院,ChIJdSdIyfepQjQRR91GnujqVSw,MIXTIO 秘地餐廳｜週六營業時間全預約｜咖啡.義大利麵.甜點.排餐.啤酒.餐酒館.商務.辦公｜不限時插座.包廂.76人場地租借.中正區美食
台大醫院,ChIJCfnbmwupQjQR8GBxVXhAPMs,梅門防空洞
台北車站,ChIJD1-a0iipQjQRDOCUK4nQB8Y,Yun-Chen Italian Restaurant
台北車站,ChIJlSe-dm-pQjQR48ZVrhFPkjw,Watami Kitchen Breeze Taipei Station Branch
台北車站,ChIJeywZ-HKpQjQRz5CMVpOXpGo,Katsuya Hoyii Taipei Station Restaurant
台北車站,ChIJhx3xX5GpQjQRrue3BdVPuBY,新高軒北車店
台北車站,ChIJMUqmM3OpQjQRTKkB0Ue1hHA,Tutto Fresco翡冷翠義式餐廳
台北車站,ChIJVcwMFXOpQjQRelOcZB9nU9U,Katsuya Guanqian Restaurant
台北車站,ChIJm-QuVXCpQjQR-3ze0o0Fivw,Nola Kitchen Taipei Linsen Store
台北車站,ChIJaZLaI4qpQjQRPYj_6O_ehbI,Q Five 多元義式餐廳
台北車站,ChIJj4RN8Q6pQjQR7ZCZJJSMJb0,奧特拉麵Ramen Ultra 微風台北車站店 (日本錦拉麵)
台北車站,ChIJWYzYBjepQjQRw54c1SAc_kA,星島海南雞（懷寧店）台北車站美食 北車美食 中正區美食
台北車站,ChIJf4YzfnKpQjQRWA5xZR_Zcyc,八海食潮當代鍋物 -北車店 8sea tide Hotpot
台北車站,ChIJsVV-ScupQjQR8dFJslXaE_E,就愛吃小館
台北車站,ChIJs-WbTcqpQjQRCWb2USaKmwg,百家班HeyAhh-台北京站店
台北車站,ChIJneUTn3KpQjQR8_eBLgiNFMU,Second Floor Cafe Breeze Taipei Station
台北車站,ChIJE9VkEfupQjQRDV-R2oV0w70,Laolao SuanCaiYu Breeze Taipei Station Shop
台北車站,ChIJlbltuqapQjQRX1G9-JB2E4s,大河屋 燒肉丼 串燒-微風北車店
台北車站,ChIJbS_YRf-pQjQRlY3RrkOi-CA,Watami Taipei Station Branch
台北車站,ChIJBzvZfXKpQjQRCV5gLrwMr0c,Kaneko Hannosuke Breeze Taipei Station
台北車站,ChIJO63sFXOpQjQRFM9rOIgVQSQ,瓦法奇朵（W.麻辣BAR）放感情 | 台北中正麻辣火鍋 四川菜 精緻鍋物 火鍋推薦 團體聚餐包場
台北車站,ChIJMRHgTm6pQjQRh0h_5kEk6Ps,味菁軒
中山,ChIJVycuI_WpQjQRTqf-Xr5oymM,bb.q CHICKEN南西店
中山,ChIJx4Z47rWpQjQRVcSg7mJm9zA,蜀川香 酸菜魚-台北南京店
中山,ChIJW_lv_hmpQjQRFslAyToEpRE,YABI KITCHEN Eslite Nanxi Branch
中山,ChIJez2Q5WepQjQRfOkfT_H5tGM,水云濮花椒麻辣麵中山店-茶葉禮盒/林森北路/素食/中山區美食推薦/古樹普洱茶/黑茶/捷運雙連站中山站美食
中山,ChIJm8KF3mqpQjQR2qzgxoqiSyM,Formosa Chang NingXia Main Restaurant
中山,ChIJHdyrxrWpQjQRVUx2nUhAuPs,Second Floor Cafe
中山,ChIJ0aRZ3GepQjQRc_WIUd_mZiY,Chi Chia Chuang (Changchun Road)
中山,ChIJG5s_KO6pQjQRBlrh8GPJHP8,ABV Bar & Kitchen
中山,ChIJlwsr1mepQjQRsZ8pOJiUmMo,紅磡 新飲茶 （林森店）中山區 / 外帶 / 外送 / 下午茶 / 宵夜 / 人氣餐廳 / 推薦餐廳 / 生日聚餐 / 家庭聚餐 / 朋友聚餐 / 約會餐廳
中山,ChIJ06YxvB2pQjQRDaYNiZYkMgo,東引快刀手-南西店 (必吃知名宵夜美食、平價麵館 滷味小吃、人氣銅板料理)
中山,ChIJ57Tqe2mpQjQRYJHQgz16IVw,(Flowers Taiwan) R9 Café
中山,ChIJb0GlSuWpQjQRsLNZ_aN7Nac,Felice饗樂 Pasta&Dessert &鍋物
中山,ChIJvw4JL-GpQjQR06sfBHzlFSw,潮丼日式定食
中山,ChIJm1F3coOpQjQRUMXfOR1RxUE,隱鍋 台北林森北路店
中山,ChIJ5-yjj_2pQjQRqlPbvXCDs_o,YONSHIN Breeze Shin Kong Nanxi Branch
中山,ChIJs-WbTcqpQjQRCWb2USaKmwg,百家班HeyAhh-台北京站店
中山,ChIJNxVRRmmpQjQRNXmzRmmu_nI,BHeart Noodles Eslite Nanxi Branch
中山,ChIJbbvUtW6pQjQRLvK71hSUXN8,Din Tai Fung Mitsukoshi Nanxi Restaurant
中山,ChIJNwiXwkSpQjQRZ1ETR-QTUCc,月霞 Waha Cafe
中山,ChIJrZGrgwypQjQRPiUlLAbrSEs,YAYOI Taipei Station Branch
雙連,ChIJVycuI_WpQjQRTqf-Xr5oymM,bb.q CHICKEN南西店
雙連,ChIJx4Z47rWpQjQRVcSg7mJm9zA,蜀川香 酸菜魚-台北南京店
雙連,ChIJez2Q5WepQjQRfOkfT_H5tGM,水云濮花椒麻辣麵中山店-茶葉禮盒/林森北路/素食/中山區美食推薦/古樹普洱茶/黑茶/捷運雙連站中山站美食
雙連,ChIJW_lv_hmpQjQRFslAyToEpRE,YABI KITCHEN Eslite Nanxi Branch
雙連,ChIJmQvrH4upQjQRVv23J0WuYFs,豪饌頂級麻辣火鍋吃到飽(錦州店)-中山美食•海鮮•肉品•日本A5和牛/日本干貝/龍蝦吃到飽
雙連,ChIJm8KF3mqpQjQR2qzgxoqiSyM,Formosa Chang NingXia Main Restaurant
雙連,ChIJk2afgzCpQjQRtikCN2GYAAU,TakeOut Burger&Cafe 民權店 （不接待10歲以下幼童）
雙連,ChIJHdyrxrWpQjQRVUx2nUhAuPs,Second Floor Cafe
雙連,ChIJ0aRZ3GepQjQRc_WIUd_mZiY,Chi Chia Chuang (Changchun Road)
雙連,ChIJvw4JL-GpQjQR06sfBHzlFSw,潮丼日式定食
雙連,ChIJlwsr1mepQjQRsZ8pOJiUmMo,紅磡 新飲茶 （林森店）中山區 / 外帶 / 外送 / 下午茶 / 宵夜 / 人氣餐廳 / 推薦餐廳 / 生日聚餐 / 家庭聚餐 / 朋友聚餐 / 約會餐廳
雙連,ChIJG5s_KO6pQjQRBlrh8GPJHP8,ABV Bar & Kitchen
雙連,ChIJ57Tqe2mpQjQRYJHQgz16IVw,(Flowers Taiwan) R9 Café
雙連,ChIJb0GlSuWpQjQRsLNZ_aN7Nac,Felice饗樂 Pasta&Dessert &鍋物
雙連,ChIJm1F3coOpQjQRUMXfOR1RxUE,隱鍋 台北林森北路店
雙連,ChIJNwiXwkSpQjQRZ1ETR-QTUCc,月霞 Waha Cafe
雙連,ChIJ06YxvB2pQjQRDaYNiZYkMgo,東引快刀手-南西店 (必吃知名宵夜美食、平價麵館 滷味小吃、人氣銅板料理)
雙連,ChIJN6NAV2mpQjQRsARspmzkV7g,GALERIE Bistro 家樂利小酒館
雙連,ChIJHS-iTWmpQjQR07JYlXrMQqY,GB Brewery Restaurant –Taipei NanXi Store
雙連,ChIJbbvUtW6pQjQRLvK71hSUXN8,Din Tai Fung Mitsukoshi Nanxi Restaurant
民權西路,ChIJ4xbXFX2pQjQRVEiuQ74yZGQ,亞當炒飯/中山區美食 中山區炒飯 中山區炒飯推薦 民權西路站美食 中山國小美食 好吃的炒飯
民權西路,ChIJ6_ECFKipQjQR9fU8jospsIo,久居小廚
民權西路,ChIJk2afgzCpQjQRtikCN2GYAAU,TakeOut Burger&Cafe 民權店 （不接待10歲以下幼童）
民權西路,ChIJbamMQUWpQjQRiFWnBTPPj_Y,Shin Yeh Taiwanese Cuisine Main Restaurant
民權西路,ChIJvw4JL-GpQjQR06sfBHzlFSw,潮丼日式定食
民權西路,ChIJm8KF3mqpQjQR2qzgxoqiSyM,Formosa Chang NingXia Main Restaurant
民權西路,ChIJk4LgT4mpQjQRztQG2jpWESg,特饈谷咖啡簡餐店
民權西路,ChIJtyqVvb2pQjQRzhv78XzZ5Sw,歐吧噠韓餐酒 圓山花博店 오빠닭 감성포차 Oppadak Korean Cuisine
民權西路,ChIJm1F3coOpQjQRUMXfOR1RxUE,隱鍋 台北林森北路店
民權西路,ChIJaWnLx0OpQjQRiNKgD7ko8RI,真正越南美食
民權西路,ChIJb9CZ9m6pQjQRZ7PgTEtMDOo,collective elements restaurant
民權西路,ChIJpfQIREKpQjQRnhnwMQJ4MNg,好佳麵食館
民權西路,ChIJE63C8fypQjQRocBKJlXHlC8,Jiu Yue Dim Sum Restaurant
民權西路,ChIJFzCjSlupQjQRs3IhuhO0Au8,阿圖麻油雞 （總店）
民權西路,ChIJdeEVpDCpQjQRNd0_L5SJh0o,歐華軒
民權西路,ChIJoaiywAWpQjQRZl6XrDU3z3I,波麗路餐廳-創始本店
民權西路,ChIJIRLB32mpQjQRXPO-64Ru9Z4,百八魚場 民生店
民權西路,ChIJW_MY_WmpQjQR3WNckXD1qz8,繼光香香雞-雙連店
圓山,ChIJ4xbXFX2pQjQRVEiuQ74yZGQ,亞當炒飯/中山區美食 中山區炒飯 中山區炒飯推薦 民權西路站美食 中山國小美食 好吃的炒飯
圓山,ChIJGWgKS3SpQjQROonnyuoCVOk,龍爺鳳娘湯品 圓山店
圓山,ChIJtTktDCipQjQRX-v-MOVig7M,劍潭救國團 遇花源 湖畔咖啡廳 Garden Coffee
圓山,ChIJwRIHDr6pQjQRC9lmWpL7EIM,Seoul Ho! Churros 圓山店
圓山,ChIJbamMQUWpQjQRiFWnBTPPj_Y,Shin Yeh Taiwanese Cuisine Main Restaurant
圓山,ChIJbXCHHA2pQjQRpK7Boj_cwbw,What’s Life Coffee Roasters
圓山,ChIJcwGG9GOpQjQRZ7qJ08UaTm4,烤肉公園 圓山花博店
圓山,ChIJCa8lz0ipQjQRrZY39edDL7c,Planté fooderage Juice&Milk Tea
圓山,ChIJtyqVvb2pQjQRzhv78XzZ5Sw,歐吧噠韓餐酒 圓山花博店 오빠닭 감성포차 Oppadak Korean Cuisine
圓山,ChIJe0uG6WupQjQRuMuJa1-1YQE,BREMEN 不萊梅 圓山店
圓山,ChIJ4eTDcKupQjQRs1kp632Ui3I,哈泰 泰式料理 花博店
圓山,ChIJXU5StEipQjQRKXLrg3B6viE,21工房麵條研究室
圓山,ChIJYfIZQ1qpQjQRlYV-mAl4PQI,丸林魯肉飯
圓山,ChIJIWSfTkipQjQRF6Zq5wpy2wI,No. 1 Goose
圓山,ChIJqY40N0-pQjQRCz1Fy0cdeQo,The Three Lions Inn
圓山,ChIJGdlahE-pQjQRc60dJcIOIjw,女王漢堡
圓山,ChIJdeEVpDCpQjQRNd0_L5SJh0o,歐華軒
圓山,ChIJD2-ID0-pQjQROmYUDHpqW-U,英國生蠔海鮮小屋 British Oysters Seafood Shed
圓山,ChIJrUkyBk-pQjQRvD40FRIZC3k,非凡越式食堂
圓山,ChIJO_7rzEipQjQRLeUOvLXoYco,冰山五角
劍潭,ChIJ28b6UKWuQjQRGsSWgNSk0Ms,Huge Burger
劍潭,ChIJd9QKFaWuQjQRLPGO-ltaXj4,Modern Toilet Theme Restaurant
劍潭,ChIJFZkMh7quQjQR1Dm0lGmuQCQ,Niufang Beef Noodle Restaurant
劍潭,ChIJfxKVD7OuQjQRggplcwuG3bM,Hao Ji Zhuanye Beef Noodle Restaurant
劍潭,ChIJ81qGnLGuQjQRIU47pANj8Z8,Le Flam 樂芙坊
劍潭,ChIJpwJIT6WuQjQRw0vYVcv1nZY,食來運轉
劍潭,ChIJyTjg-oCvQjQRhwEWEuKnZvU,Just Ice Cream (Qiangang)
劍潭,ChIJp18ZReyvQjQRG3UI6bJjDYg,梁社漢排骨-士林前港店
劍潭,ChIJHX1R7cquQjQRa4C8trTxDB0,Formosa Chang Taipei ChengDe Restaurant
劍潭,ChIJLSdhBV-pQjQR5M-h5180Ys4,川邸鍋物專門 個人鴛鴦鍋（士林劍潭店）
劍潭,ChIJnWrLb7OuQjQRGiY9k9L0uB0,宮內屋
劍潭,ChIJ0T-Uw7OuQjQREINdkOz-Gqc,幸容越南美食（原可口越南美食）
劍潭,ChIJpbFqT7KuQjQRGC176jvxTgY,富樂臺式涮涮鍋
劍潭,ChIJEfswHB-nQjQREbb7azbvRdY,想奌 想點 手作咖啡 銘傳校園店
劍潭,ChIJdxEpxLCuQjQRLkxYTPumxoI,原士林牛肉嫂快炒店
劍潭,ChIJQVDSD7OuQjQR3hqRclwoNIM,香港忠記燒臘店
劍潭,ChIJAfBPXKWuQjQR5MMAkxbkX_Y,柯媽媽台南小吃
劍潭,ChIJSwRRF7OuQjQRGYeTy4BmwN8,龍江烤鴨
劍潭,ChIJr9Q2cUWpQjQRDvDl5JD6tw8,雄大涼麵（中山德惠店）
劍潭,ChIJz_24erOuQjQRtCRFYMPPU3E,鍋董日式涮涮鍋劍潭旗艦店
士林,ChIJ67abfVavQjQRscMhuF5_tQA,小倉庫食研所
士林,ChIJdeVTvFyvQjQRc4pooOFuA90,Second Life Coffee Plus
士林,ChIJL3BfoyqvQjQRjgWQP6sJFCw,Hong Rui Chen Shilin store
士林,ChIJd9QKFaWuQjQRLPGO-ltaXj4,Modern Toilet Theme Restaurant
士林,ChIJ-3ozs6faDRQRyjuQLk-wjEQ,Jipin Fried Dumpling
士林,ChIJldhFm76vQjQRHNncJwwgZ-I,雙和雞肉鴨肉專門店
士林,ChIJ4wsmk7uuQjQRVPbDAT4JjyM,金馥記脆皮烤鴨 士林店
士林,ChIJ8c1Q-r2vQjQRsddPpbv15cc,佐藤精肉店 豚丼專門 Sato Seinikuten Shilin
士林,ChIJkyVJ9g6vQjQRtDLGbvJkObE,Ohlala港隱茶餐廳
士林,ChIJvwDbIb2uQjQRZDfl_UYYHkE,BREMEN
士林,ChIJpwJIT6WuQjQRw0vYVcv1nZY,食來運轉
士林,ChIJETw88_KvQjQR24l1AJ8NoQU,Fengleheng Hot Pot
士林,ChIJ49jwO6OuQjQRgcoE7lXY6HY,堤諾義大利比薩 Tino's Pizza 士林中正門市
士林,ChIJy3zsO6OuQjQRE2IjMnk0SkM,淘客美式漢堡Burgers Talks/restaurant
士林,ChIJn4mze4mvQjQRDe7XJaf7Ki0,Modism Café 摩德年代 士林店
士林,ChIJHR0dIIGvQjQRZVRBYUYu-_s,Matcha Little Prince-Shilin Store
士林,ChIJq-tLjruuQjQRBFBKjx3Jk9E,香港鑫記燒臘
士林,ChIJP9NOG2yvQjQRaS3wT8t85kY,John的料理
士林,ChIJ8d31sryuQjQRYRWoyUaa2YM,Creative Pasta 創義麵
士林,ChIJSW0o6nKvQjQRZ0KjUQZ4yFo,潛水艇越南法國麵包
芝山,ChIJ67abfVavQjQRscMhuF5_tQA,小倉庫食研所
芝山,ChIJ0bQ-NAOvQjQRRAJlWyhS5Qs,推擠餐桌TwijiTable
芝山,ChIJDaE7KqyvQjQRCG1Io3sZYMc,Migo Day
芝山,ChIJt-l-cJeuQjQRbn5nTI8VG0c,嚼活麵疙瘩
芝山,ChIJ7y2qTJeuQjQRbpDcQImxLO0,Din Tai Fung Tianmu Restaurant
芝山,ChIJ-eTvMWipQjQRgSjFX3dhBLw,ahmicafé
芝山,ChIJMbJ6nXavQjQRPqoF3wQAGdI,天町燒肉屋芝山店
芝山,ChIJy_uSHZeuQjQRkIZPihOvkxk,Marcus
芝山,ChIJMdUhrpeuQjQRLNJGbeHsgrY,Chien Tu Shilin Zhishan Branch
芝山,ChIJg2OqKQCvQjQRBtfpmjOJBOs,胡饕米粉湯55年老店(天母德東店)芝山美食 芝山小吃 天母美食 天母小吃 明德美食 明德小吃
芝山,ChIJvwDbIb2uQjQRZDfl_UYYHkE,BREMEN
芝山,ChIJKzW4LpeuQjQRtUJWIWWMOKI,Miacucina Tianmu
芝山,ChIJibGuaJeuQjQRdesDerAUGkE,天鍋宴芝山店
芝山,ChIJBX9VJquvQjQRs-y1_DOVHmU,丸亀製麵 SOGO天母店 烏龍麵餐廳
芝山,ChIJ95BxOpuuQjQRPGyM4dl1Fbg,越蘭香越南美食
芝山,ChIJ_3niSZuuQjQR2IAdyu_v9Lw,囍越越南美食
芝山,ChIJaW5qRZeuQjQRXS0fztFQle8,Want More
芝山,ChIJ4f0XTJyvQjQRkZbOhd6LqgM,鼎豐FOOD
芝山,ChIJyX0LAZeuQjQR7XUz_Zc8Ss4,月之燒紅豆餅
芝山,ChIJAc-hsZCuQjQRDdELDk977EU,Katsumasa SOGO Tianmu
明德,ChIJ0bQ-NAOvQjQRRAJlWyhS5Qs,推擠餐桌TwijiTable
明德,ChIJu7WWhqWvQjQRcJlYRUwHaZo,Katsuya Shipai Branch
明德,ChIJnY-q8XuvQjQRydwoFqbXdHc,喵胃Meowway -北投美食-北投餐廳-北投豬排-北投宵夜
明德,ChIJ36bf5syvQjQRYHkVc3LY1NI,好食廚 House Cook
明德,ChIJsS8FHNyvQjQRwtaRVpPMyAI,甲蟲秘境(親子友善餐廳)
明德,ChIJ7y2qTJeuQjQRbpDcQImxLO0,Din Tai Fung Tianmu Restaurant
明德,ChIJ-eTvMWipQjQRgSjFX3dhBLw,ahmicafé
明德,ChIJ_6iF2I6uQjQRgtTxSI4Ssyw,He Yan Hua braised beef noodles
明德,ChIJidubyqGvQjQRK0H6bIkIVpQ,小石鍋 北投石牌店
明德,ChIJewavdIyuQjQR2GQkxk-ZSgo,Coffee Smith 石牌店
明德,ChIJKzW4LpeuQjQRtUJWIWWMOKI,Miacucina Tianmu
明德,ChIJy_uSHZeuQjQRkIZPihOvkxk,Marcus
明德,ChIJBX9VJquvQjQRs-y1_DOVHmU,丸亀製麵 SOGO天母店 烏龍麵餐廳
明德,ChIJkyfk4ZGuQjQRvHwlGJZ3pUo,禾口擔仔麵
明德,ChIJiwJRoJKuQjQRFiMzbwfTLws,石牌鵝肉
明德,ChIJm9uyayuvQjQRAi3Ck2KJnwI,喜喜鍋HiHiPot北投石牌店淡水線石牌美食小火鍋
明德,ChIJkRb4fZKuQjQR2yHDrC9ystE,張家臭豆腐
明德,ChIJaW5qRZeuQjQRXS0fztFQle8,Want More
明德,ChIJibGuaJeuQjQRdesDerAUGkE,天鍋宴芝山店
明德,ChIJKeooHI2uQjQR3V9Qpzo4ZXE,食至名歸
石牌,ChIJN0Zc57KvQjQR8CGDXswUfB8,璞壽司石牌店（週一公休）3/9休
石牌,ChIJBXmPiTavQjQRFhFBlmpwaMs,東森廣場-臺北榮總二門診美食廣場
石牌,ChIJu7WWhqWvQjQRcJlYRUwHaZo,Katsuya Shipai Branch
石牌,ChIJ3bz08_qvQjQRXVGylC9WPUA,Jou Da Fu Beitou Mingde Shop
石牌,ChIJnY-q8XuvQjQRydwoFqbXdHc,喵胃Meowway -北投美食-北投餐廳-北投豬排-北投宵夜
石牌,ChIJP8ONAO2uQjQRtTlFZuj1km8,阿亮小吃 (必吃宵夜美食、平價小吃、人氣銅板料理)便當餐盒外送外帶 石牌士林
石牌,ChIJk1q6hYyuQjQRyZRvqQIpHQU,陳季炸雞 石牌店
石牌,ChIJewavdIyuQjQR2GQkxk-ZSgo,Coffee Smith 石牌店
石牌,ChIJUzQ3dIyuQjQRuw9zzrfyt4g,三番飯卷
石牌,ChIJo2qdh4yuQjQRCYGxIOCxyeQ,吳記排骨酥 石牌店
石牌,ChIJx1ZlCtavQjQRS-739JkUhvQ,Creative Pasta 創義麵 石牌店
石牌,ChIJidubyqGvQjQRK0H6bIkIVpQ,小石鍋 北投石牌店
石牌,ChIJm9uyayuvQjQRAi3Ck2KJnwI,喜喜鍋HiHiPot北投石牌店淡水線石牌美食小火鍋
石牌,ChIJ1TmKIIquQjQRoxIDl0L2a-Y,皇家傳承牛肉麵-北榮門市
石牌,ChIJkyfk4ZGuQjQRvHwlGJZ3pUo,禾口擔仔麵
石牌,ChIJH1pOI8evQjQRvK7KJgvauj8,這一小鍋 台北北護店
石牌,ChIJDW31t4uuQjQRWejIh6OF6To,張記廣東腸粉石牌總店
石牌,ChIJObAPmYyuQjQRpFI6mLHcmT0,水龜伯古早味
石牌,ChIJZ2EI5cKvQjQRqQ-LejhH01A,一条通 石牌門市
石牌,ChIJiwJRoJKuQjQRFiMzbwfTLws,石牌鵝肉
唭哩岸,ChIJN0Zc57KvQjQR8CGDXswUfB8,璞壽司石牌店（週一公休）3/9休
唭哩岸,ChIJDyQfLXmvQjQRb510q5jHxc4,沐鴨窩私房烤鴨
唭哩岸,ChIJm3MpXPGuQjQRwQ-f6bo7lKs,妯娌麵店2號店
唭哩岸,ChIJhdHuQ8yvQjQR99rqliMVH_4,炸G行家石牌店
唭哩岸,ChIJhT96puCvQjQRIBsm3F2nwYU,Baweijiangmuya-Shipaidian-Qilian Station
唭哩岸,ChIJ1dx74VeuQjQR99Z9D4Od7q4,Mina 創意廚房.咖啡
唭哩岸,ChIJA4DaPr6vQjQRY-OHVzx1iiI,公園物超所值炸物攤
唭哩岸,ChIJT4EyWACvQjQRFfKsj6XcCfg,Kelly’s Partea Room下午茶
唭哩岸,ChIJI1YiRravQjQRQ2B_PPbu7dE,Salt Rock
唭哩岸,ChIJTbFH6cuvQjQRPX3o7ANc6IE,福隆月台便當
唭哩岸,ChIJi3IoEeCvQjQRM1GM6WDzbEQ,鴻福食堂
唭哩岸,ChIJv6WItPGuQjQRJmsiDulE_yo,McCafé 咖啡-台北承德二店
唭哩岸,ChIJP4U09fGuQjQRgVDzE37X_PU,阿玉素食
唭哩岸,ChIJOzwcFfSuQjQRpWasI_60R8k,長疆碳燒羊肉爐-北投店
唭哩岸,ChIJPQVttPGuQjQRUCAZG1JpEh4,McDonald's
奇岩,ChIJF-uctMOvQjQRXSXWdOqLm3M,龍線家大腸麵線雞排
奇岩,ChIJDyQfLXmvQjQRb510q5jHxc4,沐鴨窩私房烤鴨
奇岩,ChIJHTdgGQWvQjQRCx6fWt3XnTY,粉好粗米粉湯
奇岩,ChIJGWGxzxCvQjQR9AFBD5EQUP8,江媽媽美食(北投市場)
奇岩,ChIJ1dx74VeuQjQR99Z9D4Od7q4,Mina 創意廚房.咖啡
奇岩,ChIJ7wKTdFquQjQRu-PPIzEJJp8,北投小魔女咖啡早午餐義大利麵
奇岩,ChIJA8sowFeuQjQRNgvYQM5lfqQ,五十味豬腳
奇岩,ChIJB340gfmuQjQRMZV_vN4ISGM,牛朗現宰黃牛涮涮鍋
奇岩,ChIJb6eU51auQjQRxy44Lb9d14o,蒔蘿香草蔬食餐廳
奇岩,ChIJ19_uAZ-vQjQRN4Z3ykHWyp8,喜喜鍋HiHiPot北投奇岩店
奇岩,ChIJy7z1FYWvQjQR9cjUzhxiTs0,MeJA cafe
奇岩,ChIJI1YiRravQjQRQ2B_PPbu7dE,Salt Rock
奇岩,ChIJe3eA6VauQjQRFuDwSEBoX9w,Royal Host
奇岩,ChIJARKmuPauQjQRjWjxVdP_Hbo,臥籠崗包子（北投店）
奇岩,ChIJ_encAUCvQjQR7vWIhnfZTuk,Rhyme Café 韻咖啡
奇岩,ChIJucEov1CuQjQRYt0ZwnqFNuo,Little Gold Vietnamese Restaurant and groceries market
奇岩,ChIJmaIVx1auQjQR22qvhbHj0uo,McDonald’s Taipei Daye
奇岩,ChIJk-RjU9OvQjQRc-w9p4RCicA,華媽媽古早味
奇岩,ChIJl_PEfJWvQjQRuunGOx2IOHQ,Cang Ma Izakaya Restaurant
奇岩,ChIJOR9cXlauQjQRbBibwYbyXE0,義法廚房
北投,ChIJ_____wyvQjQRpaVH3_xFs8I,海絲迪亞早午餐
北投,ChIJ0ZjNg1CuQjQROGs5sqjK4Fs,陳季炸雞 北投店
北投,ChIJS1yIAbmrQjQRiAmG-fuFu_0,Mo's Kitchen 亮萌私房料理
北投,ChIJGWGxzxCvQjQR9AFBD5EQUP8,江媽媽美食(北投市場)
北投,ChIJ2wazo1GuQjQRALmOYCuzFYQ,山林涼麵(14:00～17:00佛系經營)
北投,ChIJgW7nPkWuQjQRGwTLuQU2QaI,拾米TOGO - SheMe TOGO
北投,ChIJAQAAAFOuQjQRqycfnf4A7EY,朋來客棧
北投,ChIJHTdgGQWvQjQRCx6fWt3XnTY,粉好粗米粉湯
北投,ChIJscG9TEWuQjQRPizw0H7m25s,24小吃店
北投,ChIJ7wKTdFquQjQRu-PPIzEJJp8,北投小魔女咖啡早午餐義大利麵
北投,ChIJXT-0ilGuQjQRFyorcebpXXE,Zhiming Beef Noodles (Beitou Main Branch)
北投,ChIJIWh5OWCvQjQRUP92sDJR8pk,越南家鄉美食
北投,ChIJK6DAeVCuQjQRaf0HHeCGHfc,Zhuanjiao Xiao Market
北投,ChIJ1dx74VeuQjQR99Z9D4Od7q4,Mina 創意廚房.咖啡
北投,ChIJy7z1FYWvQjQR9cjUzhxiTs0,MeJA cafe
北投,ChIJb6eU51auQjQRxy44Lb9d14o,蒔蘿香草蔬食餐廳
北投,ChIJxYT9xlGuQjQRcOe6AcacQoI,拾米屋 SheMe house
北投,ChIJv3KIxzCvQjQRPFItGtmfdhk,東港旗魚黑輪
北投,ChIJo7gINEWuQjQRUsx2hXVKJMs,阿嬌的店
北投,ChIJ5fabX0WuQjQRuWGtHEVUAlA,鍋董日式涮涮鍋 新北投旗艦店
新北投,ChIJS_Up3w-vQjQRk8NytrgMRKc,燈亮客來x紅燈籠牛肉麵食餐廳
新北投,ChIJ_____wyvQjQRpaVH3_xFs8I,海絲迪亞早午餐
新北投,ChIJ0ZjNg1CuQjQROGs5sqjK4Fs,陳季炸雞 北投店
新北投,ChIJ-wpgilGuQjQRSXGg9sH8RtY,粟家牛肉麵 總店
新北投,ChIJ-cjjYUWuQjQR3NJW8OMvkMk,豪季水餃專賣店 (北投中和店)
新北投,ChIJgW7nPkWuQjQRGwTLuQU2QaI,拾米TOGO - SheMe TOGO
新北投,ChIJ2wazo1GuQjQRALmOYCuzFYQ,山林涼麵(14:00～17:00佛系經營)
新北投,ChIJGWGxzxCvQjQR9AFBD5EQUP8,江媽媽美食(北投市場)
新北投,ChIJXz3fKU6uQjQRYHo9Y7fVYgM,海餃十塘
新北投,ChIJscG9TEWuQjQRPizw0H7m25s,24小吃店
新北投,ChIJyQUGfGmvQjQRnHz6fUgn0tc,炸雞帝國
新北投,ChIJ4X_60A-vQjQRltT9fRg8H08,滿味溫泉拉麵
新北投,ChIJ5fabX0WuQjQRuWGtHEVUAlA,鍋董日式涮涮鍋 新北投旗艦店
新北投,ChIJXT-0ilGuQjQRFyorcebpXXE,Zhiming Beef Noodles (Beitou Main Branch)
新北投,ChIJMS0V1s-vQjQR5_38BIspw7g,滿足溫泉拉麵
新北投,ChIJK6DAeVCuQjQRaf0HHeCGHfc,Zhuanjiao Xiao Market
新北投,ChIJo7gINEWuQjQRUsx2hXVKJMs,阿嬌的店
新北投,ChIJ0UPoLQivQjQRyPJVGbA4xR0,12Hotpot MRT Xinbeitou Branch
新北投,ChIJxYT9xlGuQjQRcOe6AcacQoI,拾米屋 SheMe house
新北投,ChIJv3KIxzCvQjQRPFItGtmfdhk,東港旗魚黑輪
復興崗,ChIJG5z34UivQjQRXAeBM3oBS6I,百鍋匯 北投美食
復興崗,ChIJO4RArFKuQjQRAEGO6vFi61U,Su Jia
復興崗,ChIJB6p2RgCvQjQRUHdFraHJ3-A,老康滷味
復興崗,ChIJ3at9eK6vQjQR3rHpsMXiX_Y,桃源小吃
復興崗,ChIJQ9uMLUSvQjQRdZggTbUdtng,胡阿姐越南料理-北投越南料理|特色餐廳|熱門美食|越南美食|越南河粉|在地推薦餐廳|必吃異國料理|異國料理推薦
復興崗,ChIJsYv9Yq6vQjQRR8E5WxbIV1U,方家麵線
復興崗,ChIJ7zYl49OvQjQRSG514hF2vxQ,金屋 居酒屋｜北投居酒屋推薦 深夜食堂 私房料理 日式餐廳 包場 宵夜美食 日式料理 聚餐首選
復興崗,ChIJGUgkIgCvQjQRnbLGZVZSIBI,國防大學復興崗校區聯合餐廳
復興崗,ChIJww8ZJL-vQjQRTEr244VEbuc,對馬關東煮串燒酒場
復興崗,ChIJ7bSaDZavQjQRtnDTmZj3llE,桂華軒
復興崗,ChIJ2Utf-w6vQjQRQ8mVOO7G0Mg,Caesar's pizza
復興崗,ChIJFeXl2q2vQjQRfAwG7jZnWwU,胖老闆丼飯
復興崗,ChIJf5b9IeOvQjQRXyHwj63mp6A,北投飢廠
復興崗,ChIJs4YuaK2vQjQRrvXDxF1AF0M,北投享樂早餐吧
忠義,ChIJ1-Osh6CvQjQRE5DbEVM_GGk,Luguo Cafe / Z Space
忠義,ChIJiaA1zQqvQjQRrGJSdIAa2A4,達文西廚房DaVinci's Kitchen
忠義,ChIJbe2hrQyvQjQRRntz_54mX3U,Bonita廚房
忠義,ChIJi5bMYlKuQjQRfjvPUwafSQM,Toscana Café 托斯卡尼咖啡
忠義,ChIJb4TLv3KvQjQR880suB_3bBY,相思起小館
忠義,ChIJHUIcahWvQjQR6IDB8n5Y4zI,小王子的飛行旅程
忠義,ChIJlWe5qwyvQjQRrbZoFWpU7YQ,晴光意麵 關渡店
忠義,ChIJg7jFm-SvQjQRjXlCUrKeQik,Subway關渡立功餐廳(中華賓士大樓）
忠義,ChIJM0IyqAyvQjQR4nxE3zmGEiQ,老湖南館
忠義,ChIJfVmN1mqvQjQRYQmHg9eAUno,Dandelion
忠義,ChIJQ6iJ4HSvQjQRzFIyOKgIRU4,Paulaner Brauhaus
忠義,ChIJSSJVynevQjQRCWlgs7uJQ4I,北藝大學生餐廳
忠義,ChIJe5UHTgyvQjQRPtfjjI13w2E,MOS BURGER
忠義,ChIJwTP7NI1abDQRfZqDV2ZV5eg,江浙小館 （關渡）
忠義,ChIJB13JH3WrQjQRdi9zupl_41Q,柑浢冰店/柑浢食堂/樂憩球早午餐
忠義,ChIJJ1V5YwyvQjQRcQOVbHa_O-U,洪家素食簡餐、素食胡椒餅、素食便當
忠義,ChIJzyptUHOvQjQRNCDFvzlqLmE,McDonald's Taipei Central
忠義,ChIJFZPbAhWvQjQR5zrthM-zW8U,雙月食品社 和碩店
忠義,ChIJ6dRfNqCvQjQRy0by9rZAuns,光武工業專科學校學生餐廳
關渡,ChIJ_-065R-vQjQRoUqFIWnhKW0,雪花咖啡
關渡,ChIJbe2hrQyvQjQRRntz_54mX3U,Bonita廚房
關渡,ChIJ1UsMam2vQjQR015J_8pqr6A,關渡禚(ㄓㄨㄛˊ)家餃子館
關渡,ChIJSev75WyvQjQRlhdKpf3KZL8,關渡市場鮮炸雞
關渡,ChIJeWejJG2vQjQRsEkyqiW8Hxw,七褔牛肉麵水餃店
關渡,ChIJi5bMYlKuQjQRfjvPUwafSQM,Toscana Café 托斯卡尼咖啡
關渡,ChIJOyhkPG2vQjQR2KcGlecP-HA,佳佳小吃店
關渡,ChIJb4TLv3KvQjQR880suB_3bBY,相思起小館
關渡,ChIJHUIcahWvQjQR6IDB8n5Y4zI,小王子的飛行旅程
關渡,ChIJg7jFm-SvQjQRjXlCUrKeQik,Subway關渡立功餐廳(中華賓士大樓）
關渡,ChIJfVmN1mqvQjQRYQmHg9eAUno,Dandelion
關渡,ChIJlWe5qwyvQjQRrbZoFWpU7YQ,晴光意麵 關渡店
關渡,ChIJQ6iJ4HSvQjQRzFIyOKgIRU4,Paulaner Brauhaus
關渡,ChIJGeyaJG2vQjQRnJCYPjZHyQE,波霸紅燒雞腿飯
關渡,ChIJ-1oK7myvQjQRFyu7KDGnAYc,ㄔˇ留香現做湯包.蒸餃
關渡,ChIJM0IyqAyvQjQR4nxE3zmGEiQ,老湖南館
關渡,ChIJ4aYSmbevQjQR1oC9MclnE58,越南小吃
關渡,ChIJFz8GJ22vQjQRW2Hn7fqv2hg,寶神日式涮涮鍋關渡店
關渡,ChIJadudPm2vQjQR_NSIcMyy1qM,利哥麻辣燙鴨血豆腐
關渡,ChIJe5UHTgyvQjQRPtfjjI13w2E,MOS BURGER
竹圍,ChIJa2kViA-vQjQRbu-GYAvfaTY,異世界捲起來
竹圍,ChIJmQj9I02vQjQRexLmTD4vs_0,饗家 SIANG&JIA
竹圍,ChIJdVWCzuOvQjQRiOSe5_hdlXI,米塔義式廚房-竹圍店
竹圍,ChIJlV4A75mvQjQRozZP10Mkb8o,老武吉(竹圍店）
竹圍,ChIJCTlbTLmvQjQRJuCpYpb1Qgc,Baoshi Niao Restaurant
竹圍,ChIJAzYnZwevQjQRmPPpZn0vtUw,肉老大頂級肉品涮涮鍋 淡水竹圍店
竹圍,ChIJ4WxF2hqvQjQRosv4qRJBrH8,黑市shabu 竹圍店
竹圍,ChIJz4I_mJ2vQjQRdNuYTjwS7Gw,街角關東煮
竹圍,ChIJK2dmzrOvQjQRU_yNL-5cHmU,吃一鍋新型態佰元鍋物
竹圍,ChIJY0x6xp2vQjQRoa48u1UjIWw,霸氣餃子館 (賣完收攤）
竹圍,ChIJe5n0aGyvQjQR2Pe6hzgMqSk,半山妖吐納 Khàu-iau TUNA（盒飯、下午茶、拉麵）
竹圍,ChIJqzasz52vQjQRcAp-l-jeRts,双魚 • 竹圍日本料理 生魚片｜壽司｜丼飯
竹圍,ChIJ8VXLA6evQjQRMO8uphkuSlA,ooo cafe 圓滾滾
竹圍,ChIJRXq3k52vQjQRqp9D-DkBKTk,臭臉蒸餃乾拌麵
竹圍,ChIJy3FcAgCvQjQRXiMq-X07HCI,本粥Bonjuk
竹圍,ChIJyYIu9HCvQjQRQWSSH-Wbwmo,竹漾手作-杏仁豆腐專賣店
竹圍,ChIJH6yg-LivQjQRgJBtojaq1FM,馨雞財竹圍創始總店｜淡水炸雞｜竹圍美食｜在地美食｜好吃炸雞｜美食推薦｜炸雞推薦｜人氣小吃｜淡水美食｜ 淡水宵夜｜二十五年老店每日換油｜
竹圍,ChIJ_4digJ2vQjQRF4XNBNIvYm0,鍋董日式涮涮鍋竹圍旗艦店
竹圍,ChIJtxp6npuvQjQRMWg2asdJoJc,PIZZA HUT Tamsui Zhuwei Shop
竹圍,ChIJHUIcahWvQjQR6IDB8n5Y4zI,小王子的飛行旅程
紅樹林,ChIJkQ9VWdmvQjQRfMq_PeIX5ZQ,FuChia 富珈廚房
紅樹林,ChIJBz8vK8uvQjQRnGQ7MMoHDvY,海堂 KAIDO Sushi Bar (全預約制)
紅樹林,ChIJy2vk25KvQjQRQSIFPBaolmg,八方雲集 紅樹林店
紅樹林,ChIJx8zyM-KvQjQR6seGiO5sYjs,818悠活早午餐
紅樹林,ChIJbxPC_FWlQjQREGqO-ily284,磚腳麻辣鍋
淡水,ChIJuUSq4TGvQjQRM3qPw4gsx6I,51伍一幸福咖啡廳廚房餐廳［休假請看最新動態｛下午茶-新北淡水學府路咖啡廳/下午茶/簡餐/定食/套餐/午餐 健康餐/手工甜點/創意料理 包場/聚餐/約會/慶生/特色餐廳/場地租借 2025人氣熱門平價推薦 PTT Dcard
淡水,ChIJFSbFVlilQjQRdX_8QpjPxc0,Dark Palace Taiwanese Gourmet
淡水,ChIJBbb-oBKlQjQRTfeKzhXaMuc,SECOND FLOOR CAFE Tamsui Station
淡水,ChIJgZVyoH-vQjQRcCvdXS8ZVyk,HiddenBurger
淡水,ChIJtZdlOBSvQjQRf5IdRjLqLQY,後巷麵坊
淡水,ChIJEVtTxFmlQjQRsU9zBveysYg,Jiangji snacks
淡水,ChIJuThWEVqlQjQRXu66w6hbxpo,中山五十六
淡水,ChIJLSBSZVilQjQRHHChzVhyL_c,Magic Curry Tamsui Branch
淡水,ChIJLUSjEvivQjQRI78yD-qHNiI,邵爺鐵板燒 淡水1店
淡水,ChIJGwPc9VilQjQRWTTbUZy_Xhg,美香牛肉河粉
淡水,ChIJ-yMFrlqlQjQR4uvsBYoUtKc,肉多多火鍋-淡水中正店-淡水 景觀餐廳
淡水,ChIJEUsKcqilQjQR5EnoKegG_rY,滿味石頭火鍋
淡水,ChIJmeJqz_evQjQRku5Bgm-Md0g,Xile Beef Noodle Restaurant
淡水,ChIJO0SxVVilQjQR2xmlGHdPma0,淡水金記魚酥
淡水,ChIJZysgkvivQjQR6IcEPBNrQgw,喜樂洋溢餐坊
淡水,ChIJm2oFUailQjQRnlI18XnOeBA,老街海味小館
淡水,ChIJeTYYJRKlQjQR0wuW9jKmkqw,極品越南美食
淡水,ChIJgbZESbOvQjQRSiY7emlM7Wk,麻辣燙/螺螄粉/酸辣粉/淡水美食/金汤麻辣烫
淡水,ChIJb5kh9x-lQjQRATyrr54Kb-g,Lao Gang Bing Shi Dim Sum Restaurant
淡水,ChIJsdH6wR2vQjQRwiT7yFtGB00,FJ Veggie Tamsui Xuefu
頂埔,ChIJdX2CttIdaDQR9CEsB3Hq9oM,咾石雞
頂埔,ChIJrdZwF_gdaDQR3JL-xu3MbDk,PIZZA HUT必勝客-土城頂埔店
頂埔,ChIJ__1DI5MdaDQRr2xUrCx-_fY,Warung Ndeso Indah印尼店
頂埔,ChIJIRC27-wcaDQRXXYl0e9LKwg,楊記鍋貼
頂埔,ChIJF4FRHtccaDQR-JY8va8_1J0,五八壽司·丼飯·烏龍麵
頂埔,ChIJ5d8rXpwDaDQRBho0FCM_MDo,曼曼啃食品
頂埔,ChIJVTKrde8daDQRJOkEo_MNqms,愛烤不烤 碳烤
頂埔,ChIJrXkggwodaDQRQgzYgFoDvqI,越南小吃
頂埔,ChIJ3d8Sy4EdaDQRTbyQkJBTx8Y,ร้านคุณชาย泰式小吃
頂埔,ChIJjcq8mOgcaDQRtx4Vk73BS1Q,雲林香菇赤肉羹
頂埔,ChIJgdB2K-0caDQRQ6qrGa1gC4Y,頂埔紅麵線
頂埔,ChIJB4SKccIcaDQRJKBclrDdlkU,LIFE CODE CAFE
頂埔,ChIJ5SpcmOkcaDQRqADc7iq17PA,SUKIYA Dingpu Branch
頂埔,ChIJa9D8YekcaDQRwELiSXzoCmg,香港帝苑燒臘快餐
頂埔,ChIJVUf5KgAdaDQR0WnBM6XW4lg,皇廚燒臘小館
頂埔,ChIJfSegz9wcaDQRzvHBxEwuRU0,中央冰城
頂埔,ChIJ60T-MG8daDQRF7-R2v6rKuM,炸雞妹
頂埔,ChIJlUXzq0AdaDQR3NfE1OR1oOs,正隆食府
頂埔,ChIJmRw3t5cdaDQRS6SQiEMyKPA,43 私廚 I 43 Kitchen
頂埔,ChIJ_9TQAkwdaDQRCscb_AVI9hc,Chốn cũ _quán ăn Việt Nam 老地方＿越南料理
永寧,ChIJmbdhaNYcaDQRnzxR0jZsAZQ,石頭燒肉 土城館
永寧,ChIJTfL_uJ4daDQROAZICCbOsHg,加熱滷味
永寧,ChIJP9FzVzYdaDQR6BAIfZKhSkI,Yun-Chen Italian Restaurant
永寧,ChIJNa8tmmgdaDQRxYmv8vDXy4E,荖子鍋 大潤發土城店
永寧,ChIJrQCGiW8daDQROWLFkczle1o,黃金營養三明治土城永寧店
永寧,ChIJB4Gge9ocaDQRbVhACwZJPXw,永安蔬食
永寧,ChIJQzpD_5sdaDQRqqGdVUFsK3k,我們的家休閒小棧
永寧,ChIJ-byo6N8daDQRjCWxnV19azo,坂上源炭火酒場
永寧,ChIJTcghmdAcaDQR13ZsPJLKXnA,佳園客家粄條
永寧,ChIJY5BRM7wdaDQRWXGlbz0sods,孫東寶台式牛排教父 土城中央店
永寧,ChIJW1bW89UcaDQR27R4YXCQRZk,霸味薑母鴨土城金城店
永寧,ChIJTbL5LJ8daDQRSkkxGRatpto,一九一切仔麵(台式麵食切菜小吃)
永寧,ChIJZ5c8tCsdaDQRp3fQZmfAUUA,土城林家豆花
永寧,ChIJ5w3c2SkdaDQRTXq3C_cIcUQ,Gudu Huo Seafood Restaurant
永寧,ChIJsx_iHyodaDQRufKIYCRqxyc,Pizza Hut
永寧,ChIJy2Zrf9AcaDQRbkhqICz-IuE,Sushi Express RT-Mart Tucheng
永寧,ChIJ_Qr_LiodaDQRHg7ddWmNvhs,老客馥粥品專賣
永寧,ChIJRdcLsdAcaDQRiIoxkUS7MaM,阿芳 正宗福州麵
永寧,ChIJiWFX6dYcaDQRpmhffM7tpXY,MOS Burger Tucheng Yongning Shop
永寧,ChIJy2Zrf9AcaDQR7ENAe_KaO6M,Ban Jiou Woo Tucheng
土城,ChIJD01Jg_kdaDQRM8112deG5bY,尖牙義式廚房-新北土城店
土城,ChIJ49wtP1AdaDQRy4rObk1Q1GQ,Jhujian Tucheng Zhongyang Branch
土城,ChIJWQAtwpwdaDQRuGYXFRK7kC4,好食鍋 吃到飽涮涮鍋 土城旗艦店
土城,ChIJaUA6_swdaDQRUcqPEcI-zXs,Hanok Tofu New Taipei Tucheng ASE Branch
土城,ChIJmbdhaNYcaDQRnzxR0jZsAZQ,石頭燒肉 土城館
土城,ChIJwSZaiSsdaDQRG_STxGUk5DY,松也日式涮涮鍋
土城,ChIJ84e3F1MdaDQR8bxVtkbcEfU,七號麵線土城店
土城,ChIJO_qVF40daDQR9DXraUd0g2o,小菊越南小吃+雜貨店
土城,ChIJlTcMT-cdaDQRoB2z4maG7no,厚野雞排土城店
土城,ChIJN2MpcKodaDQRzk1i7qXFeLg,日式丼飯
土城,ChIJrzIoMu8daDQRAJh4n5zU3fg,Joyfull Tucheng ASE WeMall Branch
土城,ChIJ4Zz_SPodaDQRj47REMHoqKQ,瑪妮年糕鍋 土城店 日月光廣場 美食街 韓國料理 辣炒年糕 石鍋拌飯 韓式拌飯 韓式炸雞 海鮮豆腐鍋 嫩豆腐鍋
土城,ChIJWcDlTwAdaDQRj0pg75ku5GU,緣夢越式料理
土城,ChIJM8-7LCodaDQRHeXWoXj0QwQ,惠香嘉義火雞肉飯
土城,ChIJnV62uisdaDQRP6pxkPXrHhs,水餃
土城,ChIJIZm0qi0daDQRQ9xEKUvHYY8,回家素麵食-come home & eat
土城,ChIJrQsXVikdaDQRBJpFrg0M9PY,土城喝一杯
土城,ChIJGd8lInQDaDQRQW4jQ-va3kw,McDonald's
土城,ChIJpw__jxQdaDQRxQyeM_GwI6k,真煦鮮鐵板燒
土城,ChIJ204u4TgdaDQRf8qD0KsBNRY,潮味決·湯滷專門店 土城中央分社
海山,ChIJX365__wDaDQRMhlxdp3aXu4,拾月貳柒咖啡餐坊｜新北土城義大利麵｜燉飯｜焗烤｜手作輕食早午餐｜丼飯｜咖喱飯｜下午茶輕食｜鬆餅｜胚芽厚片土司｜馬鈴薯蛋沙拉捲餅｜生菜沙拉｜螺旋酥皮濃湯｜玉米濃湯｜手沖咖啡｜現泡茶飲｜水果茶｜無咖啡因茶飲｜巧克力燕麥奶｜奶昔｜水果氣泡飲｜冰沙
海山,ChIJcTIDYuepQjQRlX7D3j-6yEM,黑霸牛肉麵土城店
海山,ChIJGwaIJgIDaDQRorhGCEMRw0U,思犇牛排 土城店
海山,ChIJD01Jg_kdaDQRM8112deG5bY,尖牙義式廚房-新北土城店
海山,ChIJp0iu7zMDaDQRW92zqFu2aVA,極·黃燜雞米飯 土城裕民店
海山,ChIJaUA6_swdaDQRUcqPEcI-zXs,Hanok Tofu New Taipei Tucheng ASE Branch
海山,ChIJWQAtwpwdaDQRuGYXFRK7kC4,好食鍋 吃到飽涮涮鍋 土城旗艦店
海山,ChIJNcfsk4oDaDQRKX7deIVTOGA,Haishan Rice Noodle Soup
海山,ChIJmUYN92cDaDQR2uOMHu1GQEk,Minami光波 餐包、甜點販賣所
海山,ChIJYdvtVXgDaDQRDTGD_9Sqr98,勁庭院麵館
海山,ChIJT3SM4TkDaDQRWlxSVAK5y5g,燒臘先生Mr.Barbecue Chef
海山,ChIJLftswc4CaDQRhwU0Y2oPzVM,Yipin Pasta
海山,ChIJexjaDcsCaDQRzgDMvxMtkc8,輕丼食堂
海山,ChIJn_Ct_csCaDQRCaX1EZAWzI8,土城芋頭之家
海山,ChIJlXtsbz0DaDQRiclOi9duk1g,海線 HAISHUA
海山,ChIJ1cM9w_MfaDQRzkOb3bXFHX0,店長鴨血-土城裕民店
海山,ChIJTY8koeQ2aDQRzCz2VkFIbgM,Hao Zhu Yi Hot Pot Restaurant
海山,ChIJ918d26ADaDQRoGFe8iXZXIE,好朋友經典小火鍋
海山,ChIJW2m4cskCaDQR6IcrGWBVI68,佳家甜不辣
海山,ChIJrzIoMu8daDQRAJh4n5zU3fg,Joyfull Tucheng ASE WeMall Branch
亞東醫院,ChIJTUsu4ZsDaDQR8NADaOZHav0,SECOND FLOOR CAFE Banqiao Branch
亞東醫院,ChIJV_xtFXsDaDQROnw05fue7mQ,丸亀製麵 愛買板橋店 烏龍麵餐廳
亞東醫院,ChIJhfERDuQDaDQRtrlYcQe-yH0,豚將拉麵-亞東店
亞東醫院,ChIJ69x0YrECaDQR7ZrVjogy9UA,NU PASTA
亞東醫院,ChIJzTUeX-oDaDQRyGG-RqOw9to,黃記小吃
亞東醫院,ChIJA2uQ_64CaDQRhoj8ser7X_g,Saizeriya
亞東醫院,ChIJ1SRrRJUDaDQR7qtt8_WLdc8,Cheogajip
亞東醫院,ChIJAa2mmLECaDQRwbaqKUZ0Ps0,好好吃大餛飩
亞東醫院,ChIJOb-u5N8DaDQR1QnghVAmJOg,隱藏版低調再低調的銅板小吃店
亞東醫院,ChIJe7PKh-cDaDQRhRBubG-Tedo,Taiwanese and Vietnamese fried food - Banqiao Xinyi Store
亞東醫院,ChIJJerFq2IDaDQRhyFlWhD9L2I,大觀越南美食
亞東醫院,ChIJGySyQwADaDQR_DNY1bd_BgI,皇牌正港味餐廳 (板橋店)
亞東醫院,ChIJA2uQ_64CaDQRP68KFlh_63k,Dicos Crispy Fried Chicken Banqiao Nanya
亞東醫院,ChIJSYsb0rACaDQRkZ_298H5cao,絕味重慶酸辣粉
亞東醫院,ChIJ3aJKOkSoQjQRr5cKBLyesdU,音。為你 amyca 咖啡
亞東醫院,ChIJq43pFEkDaDQR3Vpi77hTx5A,蔡家虹手作三明治-亞東醫院誠品形象櫃
亞東醫院,ChIJ4TP277ACaDQRc1PTgHMbK2A,赤崁羊肉爐
亞東醫院,ChIJrwqTJ2QDaDQRORoqI3CdD6A,皇家傳承牛肉麵-亞東門市
亞東醫院,ChIJxfAvaK8CaDQRSyvJUv8FFfU,Café Grazie a. mart Banqiao Branch
府中,ChIJ5Z977qcCaDQRlVNqeXTJPMU,Lin’s Burger
府中,ChIJEZOBgb6pQjQRvrVYy9YFaXI,默爾 pasta pizza(新北誠品新板店)
府中,ChIJqffVDWupQjQR8oWYXCCxGE0,JC1號花園(我們沒有義大麵跟PIZZA了呦)-板橋聚餐餐廳|人氣餐廳|熱門定食|必吃定食|推薦咖哩飯|個人鍋物|在地推薦餐廳
府中,ChIJCXlvcqwDaDQRM3tTnrTGZ5M,咖哩作伙/板橋美食/板橋餐廳/板橋丼飯/板橋蛋包飯/板橋咖哩/附近美食
府中,ChIJrdvf962pQjQRgaVhwRqGJoY,大師兄銷魂麵舖-板橋環球店
府中,ChIJx9O-2WOpQjQRaRLL048x7eo,一号基地｜新北居酒屋｜板橋車站店 ichigoukichi
府中,ChIJTQ2S9OwDaDQRZoQLky7FG7U,Yakiniku Aniki Banqiao Fuzhong
府中,ChIJ12MUCQGpQjQRKlvZPkiWvdY,堤諾義式比薩 Tino's Pizza Café 板橋府中店
府中,ChIJe0VWXhupQjQRYTM8cZYooVA,赤富士日式燒肉鍋物-板橋店
府中,ChIJG5ZkQbYhaDQRIaGUqK84ORM,秋風軒鍋物 板橋店
府中,ChIJgX3Wd6cCaDQRnljqZJjlE-I,文岩文 岩燒蜀辣鴛鴦鍋
府中,ChIJURg_TxSpQjQRhw-hlWb3qtc,OOTOYA Banqiao FE21' Zhongshan Branch
府中,ChIJMS3x0qkCaDQRzHtNhoQW7_c,津囋灶咖/2025春酒預定/熱炒/鵝肉/土雞/生鮮海產/家庭工商聚餐/中式風格料理/熱門人氣在地美食餐廳
府中,ChIJzcFOVgqpQjQRiFWWT7py4IY,woosa洋食パンケーキ 屋莎洋食鬆餅屋 板橋遠百中山店
府中,ChIJdQwoxqcCaDQRiBrvY6bezBA,Lemon grass
府中,ChIJn_SbIQsDaDQRHsI-YwCLSF0,辣咖哩/滿500元可外送
府中,ChIJs4q_qz-pQjQRAV1O2LhH-1A,ABV Bar & Kitchen
府中,ChIJWURSY6cCaDQRym0Khqzv7z0,Teishoku 8 Fuzhong Restaurant
府中,ChIJOZHN3tQDaDQROLSJx0atgw4,燒肉王日式碳燒
府中,ChIJjZF6ahmoQjQRffEHG_1I4s4,銀座杏子日式豬排-板橋環球店
板橋,ChIJ5Z977qcCaDQRlVNqeXTJPMU,Lin’s Burger
板橋,ChIJEZOBgb6pQjQRvrVYy9YFaXI,默爾 pasta pizza(新北誠品新板店)
板橋,ChIJrdvf962pQjQRgaVhwRqGJoY,大師兄銷魂麵舖-板橋環球店
板橋,ChIJx9O-2WOpQjQRaRLL048x7eo,一号基地｜新北居酒屋｜板橋車站店 ichigoukichi
板橋,ChIJvdIA7x2oQjQR2pY5GgGs-IQ,樂漢堡美式餐廳(新北板橋店)LOVSS BURGER
板橋,ChIJoSSLWRioQjQRHygQxN38vV8,順億鮪魚專賣店-板橋店
板橋,ChIJq_hvWOSpQjQRob-9SpugEwI,The Alley 小麵小巷_PASTA義大利麵餐廳
板橋,ChIJ12MUCQGpQjQRKlvZPkiWvdY,堤諾義式比薩 Tino's Pizza Café 板橋府中店
板橋,ChIJy5IOrL2pQjQR8U5hoyNpi68,義饗屋 di CaSa 板橋大遠百店
板橋,ChIJxRJqSBmoQjQR3gtSHvJgkZk,Din Tai Fung Mega City Restaurant
板橋,ChIJG5ZkQbYhaDQRIaGUqK84ORM,秋風軒鍋物 板橋店
板橋,ChIJjZF6ahmoQjQRffEHG_1I4s4,銀座杏子日式豬排-板橋環球店
板橋,ChIJURg_TxSpQjQRhw-hlWb3qtc,OOTOYA Banqiao FE21' Zhongshan Branch
板橋,ChIJgX3Wd6cCaDQRnljqZJjlE-I,文岩文 岩燒蜀辣鴛鴦鍋
板橋,ChIJzcFOVgqpQjQRiFWWT7py4IY,woosa洋食パンケーキ 屋莎洋食鬆餅屋 板橋遠百中山店
板橋,ChIJs4q_qz-pQjQRAV1O2LhH-1A,ABV Bar & Kitchen
板橋,ChIJd9evNIepQjQR5bmtd43Sgqk,大阪王將 板橋環球店
板橋,ChIJS_jd6xioQjQR1pGoTfU-674,天吉屋 板橋大遠百店
板橋,ChIJ5TU1-B2oQjQREi65MObFJ7A,紅蔥頭麵食館
板橋,ChIJpVN5aBmoQjQRe6AFJeedIYs,Han Jeong Sig Global Mall Banqiao Station
新埔,ChIJddefsCepQjQROKEv2Kw3Qw0,煨煨小米 粥舖韓食飯捲 板橋莒光店-板橋美食 板橋小吃 板橋必吃 板橋飯捲
新埔,ChIJd_AFpSmpQjQRlILadBnrW6M,Wagyu Shabu Banqiao Wenhua Branch
新埔,ChIJj69jw1KpQjQRt9krEXDU5qo,洋朵義式廚坊-板橋文化店
新埔,ChIJI0SpGD6oQjQRwL5HH5hjd6E,Hakka Cuisine
新埔,ChIJm4-VaRGoQjQRRijc8EzP-zM,港豐撈麵飯堂
新埔,ChIJn12KPy2pQjQR5uanZZi8kPg,拾貳籃早午餐 - 板橋 新埔 江子翠 捷運站 親子餐廳 可包場
新埔,ChIJqStUjhaoQjQRRacqudJLjWw,NU PASTA 板橋新埔店 - 板橋美食 | 義大利麵 | 耶誕城餐廳 | 團體包廂 | 平價美食 | 推薦餐廳
新埔,ChIJGRGspl6pQjQRIQjMrTqtDuo,MABO POKE 夏威夷沙拉拌飯_致理店
新埔,ChIJq_hvWOSpQjQRob-9SpugEwI,The Alley 小麵小巷_PASTA義大利麵餐廳
新埔,ChIJ81aUPheoQjQRyY2a1Z31xtA,Le Puzzle Creperie & Bar 法式薄餅小酒館
新埔,ChIJKRztJ8-pQjQR_AZLrKqYT4c,二鬼麵舖【板橋店】Oni Noodle
新埔,ChIJFdsTyy2pQjQRfBuHz6-lRgk,焣苑鍋物－板橋新埔店 | 寵物友善餐廳 | 板橋火鍋 | 新埔民生站火鍋 | 新埔站火鍋
新埔,ChIJTx1TvheoQjQRqAqXqmNy55o,Ukuko Oyster Thin Noodles
新埔,ChIJhaZSfcWrQjQRi9VKCSsaRhU,禾多靜巷 義式餐廳-板橋|新埔|新埔捷運站|江子翠捷運站聚餐餐廳|義式餐廳|義式料理|義大利麵推薦|下午茶推薦|特色餐廳
新埔,ChIJUWXuQBmoQjQREB1H5QfTvr0,BravoCafe draft beer bar
新埔,ChIJwdtQmi-pQjQRiSkGbJpdueE,燒惑日式燒肉店
新埔,ChIJOxi2NBeoQjQRdp9CF3ofcP4,太極鰲車輪餅
新埔,ChIJo8aS0kGoQjQRaLmvQ82pJF8,Khi Ke Thsu Cafè
新埔,ChIJxa_caxqoQjQRpkEfO6iSFf8,Gatsby American Restaurant
新埔,ChIJJ1LyI0GoQjQRM7s78TABX08,Jinghejia Banqiao Jiangzicui
江子翠,ChIJddefsCepQjQROKEv2Kw3Qw0,煨煨小米 粥舖韓食飯捲 板橋莒光店-板橋美食 板橋小吃 板橋必吃 板橋飯捲
江子翠,ChIJManiYmqoQjQRk3VQDKV9htQ,瑪賀牛肉麵板橋店 板橋小吃 板橋牛肉麵（最後點餐時間20:30）
江子翠,ChIJj69jw1KpQjQRt9krEXDU5qo,洋朵義式廚坊-板橋文化店
江子翠,ChIJ37mndimpQjQR5JoH2lLR71M,任風咖哩
江子翠,ChIJPd0DK3CpQjQRRQpRUyxqtKE,Power of Meat Banqiao MRT Jiangzicui Branch
江子翠,ChIJn12KPy2pQjQR5uanZZi8kPg,拾貳籃早午餐 - 板橋 新埔 江子翠 捷運站 親子餐廳 可包場
江子翠,ChIJ-6I2ORGoQjQR55LEdCbu0tY,Chien Tu Banqiao Shuangshi Branch
江子翠,ChIJKRztJ8-pQjQR_AZLrKqYT4c,二鬼麵舖【板橋店】Oni Noodle
江子翠,ChIJpRmCGEGoQjQRSe-doc_4ARk,我!就厲害燒烤江翠珍饌店
江子翠,ChIJI0SpGD6oQjQRwL5HH5hjd6E,Hakka Cuisine
江子翠,ChIJFdsTyy2pQjQRfBuHz6-lRgk,焣苑鍋物－板橋新埔店 | 寵物友善餐廳 | 板橋火鍋 | 新埔民生站火鍋 | 新埔站火鍋
江子翠,ChIJo8aS0kGoQjQRaLmvQ82pJF8,Khi Ke Thsu Cafè
江子翠,ChIJf3T_esOpQjQRFTYCOdkIwLc,W2 Cafe & Restaurant
江子翠,ChIJhaZSfcWrQjQRi9VKCSsaRhU,禾多靜巷 義式餐廳-板橋|新埔|新埔捷運站|江子翠捷運站聚餐餐廳|義式餐廳|義式料理|義大利麵推薦|下午茶推薦|特色餐廳
江子翠,ChIJJ1LyI0GoQjQRM7s78TABX08,Jinghejia Banqiao Jiangzicui
江子翠,ChIJF53sIkSoQjQRY-ltYapK6GU,Percent CAFE % 咖啡 l 義大利麵 l 早午餐 l 餐廳 I 下午茶 l 異國料理
江子翠,ChIJpRmCGEGoQjQRzgRLTyEFT7o,Teishoku 8 Banqiao Jiangcui Restaurant
江子翠,ChIJ55l2--KpQjQRsGqjRf6hxzA,三千金脆皮炸雞-板橋美食-雞翅-餐廳-炸物
江子翠,ChIJ_6zEdECoQjQRE-m01EBDWn4,KOYA COFFEE
江子翠,ChIJm3uDbESoQjQRkzqe8vnphoY,諾曼地異國風情館
龍山寺,ChIJ09KgsKmpQjQRMjGNML9vLA4,Yi Fat Noodles
龍山寺,ChIJXfbioampQjQRBZpJiPzYeL0,蒸好吃佛跳牆
龍山寺,ChIJ1aZy0q6pQjQRwBhj14mvCbo,Liang Xi Hao Xiyuan Branch
龍山寺,ChIJOxNRziWpQjQRnURZTVXDTfI,Yun-Chen Italian Restaurant Carrefour Guilin Store
龍山寺,ChIJX--8IQipQjQRs2uPQ15m7PI,What Day Kitchen
龍山寺,ChIJQZIMwr6pQjQRabycdW8nrXI,萬華神秘麵店
龍山寺,ChIJwT6YCqmpQjQRlTsbd-lxYKE,A-Yi Braised Pork Rice
龍山寺,ChIJX_m2la6pQjQRK64yjoqyitA,陳記腸蚵專業麵線
龍山寺,ChIJGaiHCqmpQjQReQD8Dmqjdvk,Wang’s Broth
龍山寺,ChIJgUsA-_CpQjQRSAUH7Kum3u8,嚐飽圖披薩、韓式炸雞中正萬華美食外帶
龍山寺,ChIJAUXaPwKpQjQRugizdkCRKvc,Marugame Seimen Carrefour Guilin Shop
龍山寺,ChIJxfi846WpQjQRaD-KflYi7NY,南海漁村 萬華店
龍山寺,ChIJU7cRla6pQjQRhchv-ZhGAis,艋舺熱海 海鮮餐廳
龍山寺,ChIJP24HckKpQjQRVeoIRrFcevI,AToMic桌遊餐廳♪( ´θ｀)ノ
龍山寺,ChIJ82AR4qWpQjQR7KAHflcZ474,上官木桶麻辣火鍋 萬華旗艦總店
龍山寺,ChIJ-1MG3hSpQjQREYd5tkVqPV4,賴桑透抽蚵仔麵線
龍山寺,ChIJ10PBsa-pQjQRevUbsF1B_n0,Ba Wei Ginger Duck
龍山寺,ChIJG3lCC6mpQjQRjdUJV4xltuQ,醉華樓菜館
龍山寺,ChIJIUViTampQjQRTx-uc9nW0ek,阿鴻知高飯小吃店
西門,ChIJEyDc4OepQjQRqDso0u1hq0M,蒸餃棧（早午晚餐、宵夜）｜西門町排隊美食｜萬華人氣美食｜台北美食特色小吃
西門,ChIJVQJuIgOpQjQRnpi5PSAsQAE,鹿境早午餐 & 餐酒館_西門Arrival Brunch & Bistro (原 滷餐小酒館Zoo Bistro) ｜台式餐酒館|西門美食｜宵夜|滷味｜爌肉飯｜調酒｜酒吧｜早午餐｜西門必吃早午餐|在地推薦早午餐|漢堡|外帶早午餐|推薦早午餐｜人氣餐廳
西門,ChIJ1SHbtAmpQjQRwfQuYb31kN8,Ximen Noodle
西門,ChIJGyPX2yKpQjQRIT3DHLFGMHY,Power of Meat Ximen Emei Branch
西門,ChIJI1PuTAmpQjQR3Zh9O8-IPCY,大眾食堂
西門,ChIJ90uFRgmpQjQRSo9F_llemgI,Teishoku 8 Ximen Restaurant
西門,ChIJc_923ASpQjQRgzoUHio2o6A,帕斯塔義麵所
西門,ChIJi0b12AipQjQRAzCoNJDN9Pc,Rakumenya Ximen Restaurant
西門,ChIJG-ssCcupQjQREy2mh1fvk_E,Shabu Le Wagyu Hot Pot
西門,ChIJgTT1IZmpQjQR4am_tBTBf9M,Piu! Piu! Pizza mafia｜台北西門餐酒館｜人氣美食酒吧｜熱門咖啡廳｜寵物友善｜調酒BAR｜西門宵夜必吃｜網美餐廳｜公司聚餐｜慶生約會餐廳
西門,ChIJXbYb4NWpQjQRBOZs_t2id7Y,Mammy pancake
西門,ChIJMUqmM3OpQjQRTKkB0Ue1hHA,Tutto Fresco翡冷翠義式餐廳
西門,ChIJ2Xa6COqpQjQRCIXxgvtyX3c,Just Amazing Inside
西門,ChIJc0dWY9erQjQR8RN1CdS7npE,樂野食
西門,ChIJFaZWtwipQjQRXuH_MONw7II,Meat Up
西門,ChIJe90z0AapQjQRHV7LMZ83pE4,肉多多火鍋-台北西門店
西門,ChIJ27W6NnapQjQRxoMVa9jMVIg,瞞著爹西門壽司丼(海鮮丼飯)
西門,ChIJOxNRziWpQjQRnURZTVXDTfI,Yun-Chen Italian Restaurant Carrefour Guilin Store
西門,ChIJ5-PXYwmpQjQRgP00DljFP6A,Hungkan Dim Sum
西門,ChIJsVV-ScupQjQR8dFJslXaE_E,就愛吃小館
善導寺,ChIJNxcEF3qpQjQRrwkfW0VAyJ4,Takumi Dumplings
善導寺,ChIJGwapV3-pQjQR55WyORSLPJk,Goodbeitao
善導寺,ChIJrW2GnderQjQRcN0c9q6b6YE,Boon Keng Chicken
善導寺,ChIJm-QuVXCpQjQR-3ze0o0Fivw,Nola Kitchen Taipei Linsen Store
善導寺,ChIJE58dRHGpQjQR9B9gGs82zIw,一志雞排
善導寺,ChIJB1zfBHOpQjQRK_VOkhbLKPw,鑫耀鑫
善導寺,ChIJf4SszuupQjQR9eyq23bB8ao,BravoCafe draft beer bar
善導寺,ChIJaZLaI4qpQjQRPYj_6O_ehbI,Q Five 多元義式餐廳
善導寺,ChIJJVbgA3GpQjQR6VhEPnLA69w,青島東路 基隆麵食館
善導寺,ChIJX4vWqDSpQjQRFGAKarkIYlc,金好呷-土雞便當
善導寺,ChIJVVVVVRWsQjQRtQGRwRO0r_g,Apricot Garden
善導寺,ChIJMRHgTm6pQjQRh0h_5kEk6Ps,味菁軒
善導寺,ChIJneUTn3KpQjQR8_eBLgiNFMU,Second Floor Cafe Breeze Taipei Station
善導寺,ChIJk9OZc_upQjQRT5YHdS4A4Wk,FJ Veggie
善導寺,ChIJt6c7i3CpQjQRz67TYipLTFA,Hejia Big Bowl Cold Noodles Chenggong
善導寺,ChIJsfDihtipQjQRvnUgKnWvyPs,Chung Ching Shrimp Rice
善導寺,ChIJwQzJo2-pQjQRyBD-ecnA09Y,款待台菜/華燈初上台日料理
善導寺,ChIJLZxabbKpQjQR6cN-5ukbq78,Chung Ching Store
善導寺,ChIJ-aUXc9WpQjQRB3HKRczzSrM,客美多咖啡 Komeda‘s Coffee - 華山杭南店
善導寺,ChIJ-5KKj6upQjQRFCxX0_E9_Xs,Rich Daddy cafe & kids
忠孝新生,ChIJZ-LgbgGpQjQRwkiadU0wFBo,饌食港式茶樓/中山區美食/台北市港式飲茶/台北市必吃/附近美食/restaurants/光華商場美食
忠孝新生,ChIJ30uGv7-pQjQRPpzonaRvoGo,Gatsby Plus
忠孝新生,ChIJ7zJBWlWpQjQRY1JHofkgK4E,日光料理 Niko Kitchen 日式餐廳 | 丼飯｜唐揚炸雞｜咖哩飯｜牛丼｜家庭料理｜外送 便當｜忠孝新生 大安區 美食
忠孝新生,ChIJ-dc3yPyvQjQR7bUed6GvBcY,山本軒YAMAMOTOKEN肉丼飯(外帶.便當.供應中)
忠孝新生,ChIJg2E8b3ypQjQRkr4fraFP42w,TakeOut Burger&Cafe 忠孝新生店
忠孝新生,ChIJH6NrsWKpQjQRMRpk5K7q37o,米客居小吃店
忠孝新生,ChIJM_1jMXupQjQRYOTnIHJY2uA,一碗來TaiwanMama
忠孝新生,ChIJ-5KKj6upQjQRFCxX0_E9_Xs,Rich Daddy cafe & kids
忠孝新生,ChIJz--EZiipQjQRRjvTXqMelPY,芝生食堂 sibafu shokudo
忠孝新生,ChIJa7IIo3ypQjQRLhW_upTa5v4,Sato Seinikuten Akiba
忠孝新生,ChIJQ-BOjHquQjQR6wF4HJDqnaE,察爾斯廚房 Charles' Kitchen｜華山餐廳
忠孝新生,ChIJ3ScDoXypQjQRpIiZLK0EfUE,咖食堂
忠孝新生,ChIJ21gDOFWpQjQRqiwhbRnSRwM,蔣老爹麵食忠孝新生店
忠孝新生,ChIJ6YYRPHupQjQRtW5qHYj6CyY,小器食堂 華山店
忠孝新生,ChIJn6IgdQepQjQRPQWsngaeTds,喊燒鐵板燒 三創生活園區
忠孝新生,ChIJ6YYRPHupQjQR9vywSV4tm9c,Daylight光合箱子 華山店
忠孝復興,ChIJV_RfoperQjQRit9_MVtVUps,不二煮藝
忠孝復興,ChIJqY2YEKurQjQR-06GEU368ys,BT BURGER
忠孝復興,ChIJR_bdUyirQjQR7R3aP8zoHyo,HOLLYWOOD STREET
忠孝復興,ChIJhdSMjJerQjQROHORrIvofsA,ABV Bar & Kitchen
忠孝復興,ChIJXcMaetqrQjQRoMC4e710gCE,旬彩 神樂家 (台北) 忠孝店
忠孝復興,ChIJb-x9n7erQjQRml4I95i_cMg,Pingburger 美式漢堡
忠孝復興,ChIJn5OMO-2sQjQR342e0SjlCts,Past Times Cafe
忠孝復興,ChIJxcYXoSWrQjQRk0UEolx-iGM,The Tavernist
忠孝復興,ChIJaeY0sNCrQjQRBmpF8-RmywQ,Din Tai Fung Fuxing Restaurant
忠孝復興,ChIJBb82pzyrQjQR8hHq2LSQtZA,PALAISYI
忠孝復興,ChIJp2vh62mrQjQR4xcsuPkq-y4,想嗑酸菜魚敦南旗艦店
忠孝復興,ChIJsQ90xYWrQjQRJJDWGPfOH6U,泰迪農園咖哩 復興店
忠孝復興,ChIJKzfU3sSrQjQRCzAF0PADjQE,TOASTERiA CAFE
忠孝復興,ChIJly19jbyrQjQRBN17akR0XKo,Goodies Cuisine
忠孝復興,ChIJ5w-cntqrQjQRrRARHVKxABg,總督西餐廳
忠孝復興,ChIJBYOtt9CrQjQR92G0Z4Zmsg4,UNASHOW
忠孝復興,ChIJ2fU_gtCrQjQROOgHeO7Ogts,OOTOYA Zhongxiao Fuxing Branch
忠孝復興,ChIJ5cECZ8WrQjQRAkswX43yoVk,花彘醺 餐酒專門店
忠孝復興,ChIJ_-V1QdmrQjQRKSa5XWN60u0,日本橋海鮮丼辻半 Sogo復興店
忠孝復興,ChIJV8swk9urQjQR9VOzhVbTRqU,OOTOYA Breeze Center Branch
忠孝敦化,ChIJV_RfoperQjQRit9_MVtVUps,不二煮藝
忠孝敦化,ChIJ99gARwqrQjQR-pzvBeatnDQ,ABV Bar & Kitchen
忠孝敦化,ChIJp8GEIdarQjQRi6KPoxJh3vA,粟米肉粒 (Sumirouli) 忠孝本店 Kitchen & Cafe
忠孝敦化,ChIJFfVmWxOrQjQRpZNkwn69ODk,不萊梅Bremen忠孝店
忠孝敦化,ChIJmd3w156pQjQRlvHLwCofsW4,布夫 歐式私房菜 La Bonne Bouffe 瑞士起司專門店
忠孝敦化,ChIJhdSMjJerQjQROHORrIvofsA,ABV Bar & Kitchen
忠孝敦化,ChIJb-x9n7erQjQRml4I95i_cMg,Pingburger 美式漢堡
忠孝敦化,ChIJ2Q87qcWrQjQRDp2qo8hh8f4,瘋茶館
忠孝敦化,ChIJR_bdUyirQjQR7R3aP8zoHyo,HOLLYWOOD STREET
忠孝敦化,ChIJafOjYcirQjQRgUvpu5GE-n8,Mixigan
忠孝敦化,ChIJhcpJPsarQjQR_r0Bmb_6zHg,ABV Bar & Kitchen
忠孝敦化,ChIJXcMaetqrQjQRoMC4e710gCE,旬彩 神樂家 (台北) 忠孝店
忠孝敦化,ChIJnbgvcaOrQjQRpSvuuYTmDTY,La Famiglia 羅馬餐館
忠孝敦化,ChIJRxPFq8WrQjQRcaIi_N_jdb8,Plan B歐陸街頭市集小酒館（台北大安區美食推薦／台北東區忠孝敦化餐酒館推薦／台北推薦酒吧／台北生日包場／台北大安區餐廳包廂／公司聚餐推薦）
忠孝敦化,ChIJ5cECZ8WrQjQRAkswX43yoVk,花彘醺 餐酒專門店
忠孝敦化,ChIJxcYXoSWrQjQRk0UEolx-iGM,The Tavernist
忠孝敦化,ChIJly19jbyrQjQRBN17akR0XKo,Goodies Cuisine
忠孝敦化,ChIJhatyocirQjQRTLa-yWIdDng,初炸小食店
忠孝敦化,ChIJx_wX4virQjQRX2J2swlasUo,Ombré
忠孝敦化,ChIJH50TLL2rQjQR4oEOSQtsLO8,美術系壽司-台北大安店
國父紀念館,ChIJ99gARwqrQjQR-pzvBeatnDQ,ABV Bar & Kitchen
國父紀念館,ChIJp8GEIdarQjQRi6KPoxJh3vA,粟米肉粒 (Sumirouli) 忠孝本店 Kitchen & Cafe
國父紀念館,ChIJFfVmWxOrQjQRpZNkwn69ODk,不萊梅Bremen忠孝店
國父紀念館,ChIJWy4WZgCrQjQRWvWyKD5LOpY,Firefly Tribe Bar
國父紀念館,ChIJmd3w156pQjQRlvHLwCofsW4,布夫 歐式私房菜 La Bonne Bouffe 瑞士起司專門店
國父紀念館,ChIJscOyg6GrQjQR-qj7zmAdswE,鳥作洋食 TORI Yoshoku
國父紀念館,ChIJafOjYcirQjQRgUvpu5GE-n8,Mixigan
國父紀念館,ChIJhcpJPsarQjQR_r0Bmb_6zHg,ABV Bar & Kitchen
國父紀念館,ChIJnbgvcaOrQjQRpSvuuYTmDTY,La Famiglia 羅馬餐館
國父紀念館,ChIJL0fVtmqpQjQRo8QGpDZqh1g,智勝鮮食
國父紀念館,ChIJhatyocirQjQRTLa-yWIdDng,初炸小食店
國父紀念館,ChIJH50TLL2rQjQR4oEOSQtsLO8,美術系壽司-台北大安店
國父紀念館,ChIJASafGMarQjQRtDMLDBSxPL4,Toast Chat
國父紀念館,ChIJx_wX4virQjQRX2J2swlasUo,Ombré
國父紀念館,ChIJRxPFq8WrQjQRcaIi_N_jdb8,Plan B歐陸街頭市集小酒館（台北大安區美食推薦／台北東區忠孝敦化餐酒館推薦／台北推薦酒吧／台北生日包場／台北大安區餐廳包廂／公司聚餐推薦）
國父紀念館,ChIJs_B6K8mrQjQR1h4-l31p6vc,感丼日式丼飯-大安推薦丼飯|日式餐廳|熱門餐廳|必吃美食|在地推薦餐廳|必吃日本料理
國父紀念館,ChIJw8JbDsCrQjQRzRofIDKpgpE,Little Dragon Cuisine
國父紀念館,ChIJk7a4IsCrQjQRlg0XNc-hzso,家鄉味越南美食
國父紀念館,ChIJzzXuMcSrQjQRG5ig5eeROuQ,Boji HK Style Restaurant
國父紀念館,ChIJx5w4i8WrQjQR4lz0JGwLuc8,Ching Chun Veggie
市政府,ChIJpzAkec2rQjQRLYceVmNNtq4,默爾 pasta pizza(台北信義威秀店)
市政府,ChIJT5Lgu7yrQjQR-4z6kZ30ZOc,Bandao Beef Noodle Restaurant
市政府,ChIJLSJ12dmrQjQRAIx6EqF9St0,長田本庄軒 信義A11店 日式炒麵餐廳
市政府,ChIJsZoO7FOrQjQR8x55hLnwBDU,稻舍食館 Rice & Shine 微風信義店
市政府,ChIJ-1nu37erQjQRA9RZR0FucVU,ONIGIRI PLANET
市政府,ChIJxwmtDwCrQjQR7K1mO8TYBsQ,伊勢路勝勢日式豬排 台北大巨蛋店
市政府,ChIJ2TXdqL2rQjQR-CAqmFHAM9s,all In One Restaurants
市政府,ChIJS6tN5nCrQjQRViIItrTnwug,稻舍食館 Rice & Shine 統一時代店
市政府,ChIJjx38tnarQjQRE1NrGjAlO8s,Baan Phadthai SKM A8 Branch
市政府,ChIJZWfd6PCrQjQRwBMXe58h2F4,巧主廚隱咖哩 信義二店（寵物友善）｜大巨蛋美食｜好吃咖哩｜日式料理
市政府,ChIJI-uHec6rQjQRolls8XbSbdY,Sinchao Rice Shoppe
市政府,ChIJscOyg6GrQjQR-qj7zmAdswE,鳥作洋食 TORI Yoshoku
市政府,ChIJ4Qky6surQjQRyBWKG9Pk3lA,義饗屋 di CaSa 台北信義遠百店
市政府,ChIJ_Y4vZzKrQjQRcqCqvdGszQQ,Lun Lun1976
市政府,ChIJreauX7mrQjQR6cVeDmpQsho,Hataka Tempura Yamani
市政府,ChIJYXRcF7-rQjQR82CmJmKcNq8,The Chapter Café
市政府,ChIJK6jp1y-rQjQRJIiexXaq72o,福嗑 Lucky eat 美式漢堡·古巴三明治·輕食·飲品
市政府,ChIJCTtPAMqrQjQRWDyMo6EeGyU,新高軒信義店(A11-B2)
市政府,ChIJL0fVtmqpQjQRo8QGpDZqh1g,智勝鮮食
市政府,ChIJm1yR37urQjQRsdwPWv6PRGc,大心新泰式麵食- 台北統一時代百貨店
永春,ChIJi255bOmrQjQRI_ZZTaozvF8,Chunfa Braised Pork Rice
永春,ChIJT5Lgu7yrQjQR-4z6kZ30ZOc,Bandao Beef Noodle Restaurant
永春,ChIJ7ZE0TY6rQjQRiR01mYOYUG8,Joe's Kitchen Taipei
永春,ChIJCXSBy6CrQjQRw8vYP_S9lwQ,初殿鍋物-永春店「最後收客2100」平日套餐299元｜寵物友善｜被火鍋耽誤的滷肉飯｜牛奶鍋｜麻辣鍋｜台北信義永春火鍋、美食、餐廳
永春,ChIJqdWHeL-rQjQRN-J5jXwWH6Y,Yakiniku Smile Taipei Zhongxiao Branch
永春,ChIJeahVgUSrQjQRBv_WbkHfDRU,梨谷 韓式鐵板炭火烤肉
永春,ChIJZWfd6PCrQjQRwBMXe58h2F4,巧主廚隱咖哩 信義二店（寵物友善）｜大巨蛋美食｜好吃咖哩｜日式料理
永春,ChIJiyprvqarQjQRTfcexsZn-6w,施家麻油腰花
永春,ChIJO_d1SdarQjQR-B4jHLaJuVY,SOYYOUNG 永春
永春,ChIJKRF-4qOrQjQRZYiWrv293c4,玉里傳統小吃店 蒜香乾拌麵
永春,ChIJeZg1P8CrQjQRqA3UOdsT2Yc,Shavu 刷刷 日式涮涮鍋-信義熱門鍋物|必吃火鍋|人氣鍋物|必吃涮涮鍋|美食火鍋|聚餐餐廳
永春,ChIJ9zozvHOrQjQR8qimsTIsx8Y,星島海南雞飯（松山店）
永春,ChIJUevXI0irQjQRu8lmGp60sEo,泰初-【信義總店】信義區泰式｜泰式便當｜便當外送｜綠咖哩｜打拋豬｜特色美食｜泰式｜瑪莎曼咖哩｜紅咖哩｜咖哩｜便當｜松山路｜美食
永春,ChIJXY5G0herQjQRVsOnb2p_nZo,HALOA POKE TOGO 夏威夷拌飯 永春店
永春,ChIJO5WcNMKrQjQRPaJ_HTQZjDg,大龍鳳茶餐廳- 【台北 信義區 道地港式料理餐廳 】 2024人氣在地美食 外送外帶 港式飲茶 絲襪奶茶 凍檸茶 必吃特色流沙包 叉燒包 乾炒牛河 蘿蔔糕 永春捷運站附近餐廳 聚餐約會網美打卡餐廳首選推薦
後山埤,ChIJ5XrxbSyrQjQRBeG6JNR7whw,糧好料理所 | LiangHao Lab
後山埤,ChIJ7ZE0TY6rQjQRiR01mYOYUG8,Joe's Kitchen Taipei
後山埤,ChIJi255bOmrQjQRI_ZZTaozvF8,Chunfa Braised Pork Rice
後山埤,ChIJ92CD_8WrQjQRE2ZEg13ASUw,自煮生活 蔦屋風味體驗空間（美食甜點、咖啡茶酒、有機食材、料理課程）
後山埤,ChIJIY_8ZJ6rQjQRAMXXf72H_KU,肉普普 石頭‧涮涮鍋
後山埤,ChIJqdWHeL-rQjQRN-J5jXwWH6Y,Yakiniku Smile Taipei Zhongxiao Branch
後山埤,ChIJeahVgUSrQjQRBv_WbkHfDRU,梨谷 韓式鐵板炭火烤肉
後山埤,ChIJqQnsZmarQjQRPbMWsX43yfw,丸亀製麵 Citylink松山店 烏龍麵餐廳
後山埤,ChIJZWExIaCrQjQRlZWFKYjD5G8,"春來蚵仔麵線-後山埤(美食,公司行號團體歡迎外訂)"
後山埤,ChIJZWBXBaerQjQRvb678LBJG8Q,幸福酸辣粉
後山埤,ChIJ576CdRarQjQRQ48siyYAXJA,阿雲越南小吃
後山埤,ChIJeZg1P8CrQjQRqA3UOdsT2Yc,Shavu 刷刷 日式涮涮鍋-信義熱門鍋物|必吃火鍋|人氣鍋物|必吃涮涮鍋|美食火鍋|聚餐餐廳
後山埤,ChIJ9zozvHOrQjQR8qimsTIsx8Y,星島海南雞飯（松山店）
後山埤,ChIJS2oVop6rQjQRF7WCG3-Tzwk,Ootoya Songshan Station
後山埤,ChIJKRF-4qOrQjQRZYiWrv293c4,玉里傳統小吃店 蒜香乾拌麵
後山埤,ChIJDcCxwp6rQjQRqxZv8asxBAk,船軒鄉村煙燻滷味
後山埤,ChIJY2J92-irQjQR_Z-3cb3Efl4,秋風軒鍋物 松山店
後山埤,ChIJqX51g56rQjQRT_vlOGfccLk,Zhu ji restaurant - songshan
後山埤,ChIJ7VK8xZyrQjQRqriDB14j8kU,一条通 永春門市
後山埤,ChIJfZ7ZQZyrQjQRujzyP_-tWQQ,煌鑫越南美食
昆陽,ChIJ5XrxbSyrQjQRBeG6JNR7whw,糧好料理所 | LiangHao Lab
昆陽,ChIJ0032cACrQjQRSk029YpyUqw,義百代餐館南港店
昆陽,ChIJEdBW-nOrQjQRvfq33Mimc5Y,侯家火雞肉飯 · 冰品
昆陽,ChIJx-7DG3urQjQRnkfYT9Ni71c,福古南洋（越南之家老店）
昆陽,ChIJH04FHqqrQjQR4YxvwUguqkA,Chotto Sake Bar at Taipei Music Center Hub
昆陽,ChIJYbWmIXGrQjQR6LDbv707PcI,良美鵝肉專家
昆陽,ChIJzSIdqXqrQjQRT9KA3ZQnF1o,珍饌涼麵
昆陽,ChIJffZkwGSrQjQRRunrr_xZnVc,南港海岸活蝦之家
昆陽,ChIJO9aVdmSpQjQR9mOKpAs3CjU,燒包專賣店（昆陽店）
昆陽,ChIJPWIREHCrQjQRetIuKdidyEc,陶爸爸手工冷凍水餃
昆陽,ChIJ9-kevdKrQjQRmM97BL8-07k,義麵屋 昆陽店
昆陽,ChIJf3hmAs6rQjQRjkexUavbhCo,Cheogajip
昆陽,ChIJIXuhrpqrQjQRvvOA4OvbJCo,南港抓餅豆花
昆陽,ChIJD11_HnGrQjQRWJp-DXeBstE,南港霸味薑母鴨
昆陽,ChIJM86UX3CrQjQRxUY9P2jxZE4,Noble Family Steak House
昆陽,ChIJ4YAfb_6rQjQR74I8sMyfOhg,建成大廚熱炒店
昆陽,ChIJcfKiRnCrQjQRFwNeP-xkgiI,T.K.K. Fried Chicken
昆陽,ChIJCcexjjerQjQR-5fxI98SjN4,二代目壽司
昆陽,ChIJ1SKdHnCrQjQRhuckaj18UQg,MOS BURGER Kunyang Shop
南港,ChIJmTG6816rQjQROj9fjiCafjY,Neverland LITE
南港,ChIJ01YLW3-rQjQRzHtinzvbCJk,大河牧場 漢堡排專売-南港環球店
南港,ChIJyWRT3mWrQjQRFOM_DSk68CE,SECOND FLOOR CAFE Nangang Station
南港,ChIJbZT4cGerQjQRbnqoTY6Ikag,BravoCafe draft beer bar
南港,ChIJRfythnirQjQRBwp2Oms9jzs,玉虫画室
南港,ChIJ_Rrv1e6rQjQRK7Fjrbm39Ls,Crazy Cart Cafe甩尾卡丁車主題式餐廳(將於四月前結束營運)
南港,ChIJRSU9VjWrQjQRkLeMzXw3oUM,開丼 燒肉vs丼飯 南港環球店
南港,ChIJryl46v2rQjQRJC1TWIzC0JU,Ikinari Steak
南港,ChIJm3XLRf-rQjQRQb4h1E3xw_0,媽妳講親子餐廳-南港環球店(已於114年2月17日起撤離，如需訂位請洽詢Money Jump 內湖旗艦店)
南港,ChIJ761qaVWrQjQRbGTuPrvZHy8,Mövenpick Café -莫凡彼南港車站店
南港,ChIJobPwuhGrQjQRw6FFYhdoTZk,滷春秋(滷味煮/楊桃汁)-南港車站店
南港,ChIJk7mhJNirQjQRukXA362LDGU,BELLINI Pasta Pasta 南港潤泰店
南港,ChIJe-BpP_WrQjQRVwwPwIaHU_8,La Maison du Aubergine
南港,ChIJNRV-AOarQjQRGuormqJsovQ,Orissic Hot Pot
南港,ChIJ_QLleqyrQjQRgA-FkETe5h4,Bogart's Smokehouse Taipei (美式木柴煙燻屋)
南港,ChIJS6O0niurQjQRTGVHsprpMDg,DON DON DONKI CITYLINK 南港店
南港,ChIJR7aer0GrQjQRfUIaRtdrdcE,佳元蔥油餅舖-台北南港創始店
南港,ChIJB1LUa2erQjQRAO_iZ0S-mow,Le Ble D'or
南港,ChIJv4dK1lirQjQRTurkPAZOiqA,Nangang Beidahuang Dumpling Shop
南港,ChIJbXTQZ2erQjQRzdyuOg3-4lU,大戶屋南港車站店
